1,9,Graham Walters
2,8215-8216,"Bruce Cohen, Dan Jinks"
3,60,Patrice Ledoux
4,770,Jerry Bruckheimer
5,39-135-136,"Sam Mendes, Bobby Cohen, Sam Mercer"
6,3388-5741-57572-162931-165810-193307-1128337-1128338-1128339-1128340-1219059,"James L. Brooks, Matt Groening, Richard Sakai, Al Jean, Mike Scully, Jay Kleckner, Peter Gave, Amanda Moshay, Felicia Nalivansky, Matt Orefice, Claudia Katz"
7,770-2447-2448,"Jerry Bruckheimer, Peter Kohn, Pat Sandston"
8,298-20223,"Chris Bender, J.C. Spink"
9,190-168769-1102089,"Clint Eastwood, Michael Maurer, Karen S. Spiegel"
10,190-455-457-68602,"Clint Eastwood, Paul Haggis, Albert S. Ruddy, Tom Rosenberg"
11,816,John Morrissey
12,489-490,"Kathleen Kennedy, Colin Wilson"
13,638-639,"Michael Mann, Pieter Jan Brugge"
14,770-865-869,"Jerry Bruckheimer, Michael Bay, Gale Anne Hurd"
15,929-930-931,"David Franzoni, Branko Lustig, Douglas Wick"
16,957,Matthew Vaughn
17,1297-1298-20643,"Richard D. Zanuck, Brad Grey, Lorne Orleans"
18,108-123,"Peter Jackson, Barrie M. Osborne"
19,1224,Ethan Coen
20,1586-1587-1588,"Adam Fields, Sean McKittrick, Nancy Juvonen"
21,282-525-556-20643,"Charles Roven, Christopher Nolan, Emma Thomas, Lorne Orleans"
22,1888,Jerry Weintraub
23,2236-2238-57343,"Tim Bevan, Eric Fellner, Kevin Misher"
24,2209-2210-2211-2212,"Jan de Bont, Bonnie Curtis, Gerald R. Molen, Walter F. Parkes"
25,0,Sin productor
26,2381-2383,"Rick Berman, Peter Lauritson"
27,2381-2383-2387-2514,"Rick Berman, Peter Lauritson, Patrick Stewart, Michael Piller"
28,664,Frank Marshall
29,2946-2947-2948,"Jennifer Fox, Georgia Kacandes, Michael Nozik"
30,2236-3264,"Tim Bevan, Rudd Simmons"
31,380-2236-2238-3304-3305,"Robert De Niro, Tim Bevan, Eric Fellner, Brad Epstein, Jane Rosenthal"
32,108-126-3505-3506,"Peter Jackson, Fran Walsh, Jan Blenkin, Carolynne Cunningham"
33,282-511-556-20643,"Charles Roven, Larry J. Franco, Emma Thomas, Lorne Orleans"
34,770-2445-2446-2447-2448,"Jerry Bruckheimer, Eric McLeod, Chad Oman, Peter Kohn, Pat Sandston"
35,3986-7227-7228-56967-66185-1282435,"Mario Kassar, Hal Lieberman, Joel B. Michaels, Andrew G. Vajna, Matthias Deyle, Colin Wilson"
36,769-4182-4183,"Martin Brest, David J. Wally, Celia D. Costas"
37,206-4485-4486-4499-4505-4506,"Jim Carrey, Steve Koren, Mark O'Keefe, Tom Shadyac, Michael Bostick, James D. Brubaker"
38,1899-4588,"Denise Di Novi, Edward McDonnell"
39,190-4745-4746,"Clint Eastwood, Judie Hoyt, Robert Lorenz"
40,490-2211,"Colin Wilson, Gerald R. Molen"
41,489-511,"Kathleen Kennedy, Larry J. Franco"
42,1809-4762-4769-4770,"Dylan Tichenor, Paul Thomas Anderson, Daniel Lupi, JoAnne Sellar"
43,240-5015,"Stanley Kubrick, Brian W. Cook"
44,28,Wendy Finerman
45,339,Brian Grazer
46,915-1723-2043-5053,"David Giler, Walter Hill, John Davis, Gordon Carroll"
47,5580,Peter Macgregor-Scott
48,2997-5655-5664-5665,"Scott Rudin, Wes Anderson, Barry Mendel, Dan Beers"
49,5719,Lori Forte
50,6046-6048,"Roland Emmerich, Mark Gordon"
51,915-1723-2043,"David Giler, Walter Hill, John Davis"
52,339-6159-6185-6186,"Brian Grazer, Ron Howard, Maureen Peyrot, Kathleen McGill"
53,3050-6201-6202-6203-6204,"Jill Bilcock, Baz Luhrmann, Gabriella Martinelli, Catherine Martin, Martin Brown"
54,2997-6482-6488,"Scott Rudin, John Singleton, Mark Roybal"
55,6730-6737,"Sacha Baron Cohen, Jay Roach"
56,3718-4027,"David Valdes, Frank Darabont"
57,5231-5575-6866-6867-6869-6870-6871-6873-61091,"Wolfgang Petersen, Akiva Goldsman, Todd Arnow, Chris Briggs, Mike Fleiss, Duncan Henderson, Barbara Huber, Kimberly Miller, Jon Jashni"
58,2236-2238-7019,"Tim Bevan, Eric Fellner, Duncan Kenworthy"
59,7314-53304-53329-1082203-1119833,"Nick Park, Peter Lord, David Sproxton, Carla Shelley, Claire Jennings"
60,20295-20908-964905-1904993,"Moritz Borman, Jeffrey Silver, Victor Kubicek, Derek Anderson"
61,7405-7406-7407-7408,"Frank Beddor, Michael Steinberg, Bradley Thomas, Charles B. Wessler"
62,4135-4146-7531-7532,"Robert Redford, Patrick Markey, Joseph P. Reidy, Karen Tenkhoff"
63,1254-7474-7475,"Art Linson, Ross Grayson Bell, Ceán Chaffin"
64,7624-7627-9987,"Stan Lee, Laura Ziskin, Ian Bryce"
65,7626-7627-20643,"Avi Arad, Laura Ziskin, Lorne Orleans"
66,7626-7627-7628,"Avi Arad, Laura Ziskin, Grant Curtis"
67,5575-7200-10949-10950-10951-10952,"Akiva Goldsman, Lauren Shuler Donner, Michael Uslan, Erwin Stoff, Benjamin Melniker, Lorenzo di Bonaventura"
68,7722-7723-7724-7725-7726,"Edward Neumeier, Jon Davison, Frances Doel, Stacy Lumbrezer, Alan Marshall"
69,7778-7779-7780-7782,"Patricia Carr, Sean Daniel, James Jacks, Megan Moran"
70,2212-8701,"Walter F. Parkes, Laurie MacDonald"
71,11874,Neal H. Moritz
72,7878,Darla K. Anderson
73,380-3305-8246,"Robert De Niro, Jane Rosenthal, Barry Levinson"
74,1297-8215-8216,"Richard D. Zanuck, Bruce Cohen, Dan Jinks"
75,2997-8401-8448-8449,"Scott Rudin, Mark Huffam, Robert Fox, Ian MacNeil"
76,339-6159-6186-6188-8406,"Brian Grazer, Ron Howard, Kathleen McGill, Louisa Velis, John Calley"
77,488-2212-8701,"Steven Spielberg, Walter F. Parkes, Laurie MacDonald"
78,2710-8529,"James Cameron, Jon Landau"
79,8676,Dean Devlin
80,1091,Joel Silver
81,488-489-490-5664,"Steven Spielberg, Kathleen Kennedy, Colin Wilson, Barry Mendel"
82,2461-2487-8747,"Mel Gibson, Bruce Davey, Stephen McEveety"
83,500-9181-9182-9183-9184-9185,"Tom Cruise, Edward Zwick, Marshall Herskovitz, Paula Wagner, Scott Kroopf, Tom Engelman"
84,2236-2238-9157,"Tim Bevan, Eric Fellner, Jonathan Cavendish"
85,488-489-2210,"Steven Spielberg, Kathleen Kennedy, Bonnie Curtis"
86,490-5231-9814,"Colin Wilson, Wolfgang Petersen, Diana Rathbun"
87,489-4782-9987,"Kathleen Kennedy, Michael Crichton, Ian Bryce"
88,10968,David Heyman
89,10968-11222-20643,"David Heyman, Mark Radcliffe, Lorne Orleans"
90,770-865-2448-5545-10118-10120,"Jerry Bruckheimer, Michael Bay, Pat Sandston, K.C. Hodenfield, Kenny Bates, Jennifer Klein"
91,24-30,"Robert Zemeckis, Steve Starkey"
92,380-3305-6737,"Robert De Niro, Jane Rosenthal, Jay Roach"
93,738-10684-10685-10686-10687,"Sean Connery, Jonathan King, Laurence Mark, Rhonda Tollefson, Dany Wolf"
94,11112,Nira Park
95,1091-8528-9339-9340-20643,"Joel Silver, Grant Hill, Lilly Wachowski, Lana Wachowski, Lorne Orleans"
96,123-11404-11405-56996,"Barrie M. Osborne, Terence Chang, David Permut, Christopher Godsick"
97,10968-65614-89320,"David Heyman, David Barron, Tim Lewis"
98,3182-3183,"Jane Hamsher, Don Murphy"
99,518-5381-5382,"Danny DeVito, Michael Shamberg, Stacey Sher"
100,9987-11649-11652-11653-11654-11655,"Ian Bryce, Cameron Crowe, Lisa Stewart, Steven P. Saeta, Scott M. Martin, Marty P. Ewing"
101,282-283-376-11899-11900,"Charles Roven, Robert Cavallo, Arnon Milchan, Dawn Steel, Alan Glazer"
102,12028-12031-12032,"John Moore, Peter Veverka, Glenn Williamson"
103,12062-12106-12107,"Jeffrey Katzenberg, Aron Warner, John H. Williams"
104,12087-12106-12107,"David Lipman, Aron Warner, John H. Williams"
105,12106-574003,"Aron Warner, Denise Nolan Cascino"
106,550-551-3416,"Jennifer Todd, Suzanne Todd, Demi Moore"
107,550-551-1227-2445-3416-12073,"Jennifer Todd, Suzanne Todd, John S. Lyons, Eric McLeod, Demi Moore, Mike Myers"
108,322-8246-12253-12256,"Steve Golin, Barry Levinson, Lorenzo Carcaterra, Gerrit van der Meer"
109,5486-6201-6203-6204-12201-12202,"Steve E. Andrews, Baz Luhrmann, Catherine Martin, Martin Brown, Fred Baron, Catherine Knapman"
110,12524-12632,"Chris Carter, Daniel Sackheim"
111,2352-12756,"Jean-Jacques Annaud, John D. Schofield"
112,284-488-6048-9987,"Gary Levinsohn, Steven Spielberg, Mark Gordon, Ian Bryce"
113,12909-12911,"Karen Robert Jackson, Helene Plotkin"
114,1297,Richard D. Zanuck
115,8215-13619,"Bruce Cohen, Bart Brown"
116,517-13928-13929-13930,"Pierce Brosnan, Beau St. Clair, Roger Paradiso, Bruce Moriarty"
117,339-6159-14911,"Brian Grazer, Ron Howard, Penny Marshall"
118,5162-15004,"Mark Johnson, Charles Newirth"
119,1091-7187,"Joel Silver, Richard Donner"
120,56671,Mireille Soria
121,500-9183,"Tom Cruise, Paula Wagner"
122,6046-15364-15365-15366,"Roland Emmerich, Ute Emmerich, Kelly Van Horn, Marco Weber"
123,525-554-556,"Christopher Nolan, Aaron Ryder, Emma Thomas"
124,9020-10685,"David Geffen, Laurence Mark"
125,8330-15906,"Tom Sternberg, William Horberg"
126,16485-16486-16487-207419,"William Chartoff, Kevin King Templeton, Charles Winkler, David Winkler"
127,380-3305-4700,"Robert De Niro, Jane Rosenthal, James G. Robinson"
128,4767-7626-12922-16838,"Michael De Luca, Avi Arad, Gary Foster, Steven Paul"
129,190-455-488-4746,"Clint Eastwood, Paul Haggis, Steven Spielberg, Robert Lorenz"
130,16844,Dorothy McKim
131,11420-20908-65377,"Gianni Nunnari, Jeffrey Silver, Bernie Goldmann"
132,19500-19501,"Thomas K. Gray, Galen Walker"
133,9181-9182-16728-16729-16730-16731-75575-1117281-1117282,"Edward Zwick, Marshall Herskovitz, Gillian Gorfil, Graham King, Darrell James Roodt, Paula Weinstein, Genevieve Hofmeyr, Josh Gummersall, Philip Key"
134,376-8374,"Arnon Milchan, Iain Smith"
135,29-2888,"Steve Tisch, Will Smith"
136,287-1298-16729,"Brad Pitt, Brad Grey, Graham King"
137,2294-5911-20498,"Robert Rodriguez, Elizabeth Avellan, Carlos Gallardo"
138,2219-4446-5281-27038,"Tobey Maguire, Jon Kilik, Spike Lee, Julia Chasman"
139,5010-17172-17173,"Todd Field, Albert Berger, Ron Yerxa"
140,3805-9032-10953,"Jon Peters, Bryan Singer, Gilbert Adler"
141,1093-1993-40832,"Lawrence Gordon, Lloyd Levin, Mike Richardson"
142,18277,Sandra Bullock
143,578,Ridley Scott
144,8375-20206-20207-29922,"John A. Amicarella, Mike Medavoy, Arnold Messer, Marcus Nispel"
145,931-15219,"Douglas Wick, Marc Abraham"
146,2997,Scott Rudin
147,638-946579,"Michael Mann, Julie Richardson"
148,24177-1229515,"Michael Rotenberg, Daniel Rappaport"
149,8181,Michael Fottrell
150,2461-2487,"Mel Gibson, Bruce Davey"
151,17698-17699,"Nancy Meyers, Bruce A. Block"
152,35974,Gavin Polone
153,10965-17825-17828,"Chris Columbus, Shawn Levy, Michael Barnathan"
154,380-3305-6737-10392,"Robert De Niro, Jane Rosenthal, Jay Roach, Nancy Tenenbaum"
155,7681-18186-18187-18188,"Charles Gordon, Pierre-Ange Le Pogam, Adrian Askarieh, Daniel Alter"
156,865-2212-9987,"Michael Bay, Walter F. Parkes, Ian Bryce"
157,1524-1525-18274-18275,"Harold Ramis, Trevor Albert, Michael Haley, Suzanne Herrington"
158,2209-4699-59949,"Jan de Bont, Steve Perry, Michael Peyser"
159,9987-16158-18322,"Ian Bryce, Susan Arnold, Donna Roth"
160,376-11060-18349-18350,"Arnon Milchan, John Grisham, Michael G. Nathanson, Hunt Lowry"
161,286-2212-8701,"Lloyd Phillips, Walter F. Parkes, Laurie MacDonald"
162,18596-53299-53300-1551930,"Taylor Hackford, Howard Baldwin, Karen Elise Baldwin, Stuart Benjamin"
163,24-1091-37162-62739,"Robert Zemeckis, Joel Silver, Susan Downey, Herb Gains"
164,2260-20206-62559,"Steven Zaillian, Mike Medavoy, Ken Lemberger"
165,2236-2238-8401-18846,"Tim Bevan, Eric Fellner, Mark Huffam, Kevin Loader"
166,869-10850,"Gale Anne Hurd, Kevin Feige"
167,7626-10850,"Avi Arad, Kevin Feige"
168,1348-20802-72104,"Philip Lee, Casey Silver, Scott Fischer"
169,7779-7780,"Sean Daniel, James Jacks"
170,7775-7779,"Stephen Sommers, Sean Daniel"
171,2963-8277-11814-16729-18956,"Nicolas Cage, Arne Schmidt, Todd Garner, Graham King, Norman Golightly"
172,9021,Stephen Woolley
173,10850-113674-1117747-1117748-1117749,"Kevin Feige, Victoria Alonso, Mitchell Bell, Stephen Broussard, Richard Whelan"
174,7395-7396-7407-7408,"Bobby Farrelly, Peter Farrelly, Bradley Thomas, Charles B. Wessler"
175,376-10764-12050,"Arnon Milchan, Arnold Kopelson, Anne Kopelson"
176,887-19282,"Owen Wilson, Scott Stuber"
177,322-1588-20821,"Steve Golin, Nancy Juvonen, Jack Giarraputo"
178,11708-19308-68602,"Leslie Dixon, Linne Radmin, Tom Rosenberg"
179,380-3305-10965-11222-11711-17828-19314,"Robert De Niro, Jane Rosenthal, Chris Columbus, Mark Radcliffe, Paula DuPré Pesmen, Michael Barnathan, Geoffrey Hansen"
180,2161-5381-5382-20295,"Debra Hill, Michael Shamberg, Stacey Sher, Moritz Borman"
181,3183-9987-10952-10994,"Don Murphy, Ian Bryce, Lorenzo di Bonaventura, Tom DeSanto"
182,377-19721-19722,"Patrick Cassavetti, Laila Nabulsi, Stephen Nemeth"
183,1769-1777-19770,"Sofia Coppola, Ross Katz, Callum Greene"
184,500-9183-11649,"Tom Cruise, Paula Wagner, Cameron Crowe"
185,488-931-19862,"Steven Spielberg, Douglas Wick, Lucy Fisher"
186,1090-4782-42006,"John McTiernan, Michael Crichton, Ned Dowd"
187,1202-9169-10950-19972,"Steven Reuther, Elliott Kastner, Erwin Stoff, Deborah Stoff"
188,511-869-1617-7626,"Larry J. Franco, Gale Anne Hurd, James Schamus, Avi Arad"
189,7626-7627-977941,"Avi Arad, Laura Ziskin, Matt Tolmach"
190,9181-20061-20062-20063-59839,"Edward Zwick, Marc Norman, David Parfitt, Donna Gigliotti, Harvey Weinstein"
191,7475-20204-20206-20207-20208,"Ceán Chaffin, James Vanderbilt, Mike Medavoy, Arnold Messer, Brad Fischer"
192,298-20222-20223-20224,"Chris Bender, A.J. Dix, J.C. Spink, Anthony Rhulen"
193,5580-10764-12050-69020,"Peter Macgregor-Scott, Arnold Kopelson, Anne Kopelson, Christopher Mankiewicz"
194,1152-2360-4446-8374-20295-75476-1102197,"Oliver Stone, Thomas Schühly, Jon Kilik, Iain Smith, Moritz Borman, Tabrez Noorani, Santa Pestonji"
195,11359-20316,"Robert Tapert, Takashige Ichise"
196,673-2095-7626,"Bernd Eichinger, Ralph Winter, Avi Arad"
197,490-1093-1993-20514-20515,"Colin Wilson, Lawrence Gordon, Lloyd Levin, Michael Levy, Jib Polhemus"
198,1093-1993,"Lawrence Gordon, Lloyd Levin"
199,6468-13240-20567-73421,"Nick Wechsler, Mark Wahlberg, Marc Butan, Joaquin Phoenix"
200,15306-15307-20742-20743,"Peter Abrams, Robert L. Levy, Jennifer Gibgot, Gigi Pritzker"
201,20782-20783-20784,"Jeffrey T. Barabe, Bing Howenstein, Lloyd Segan"
202,20820-20821,"Sid Ganis, Jack Giarraputo"
203,20802,Casey Silver
204,284-6048-8676,"Gary Levinsohn, Mark Gordon, Dean Devlin"
205,20908-21146,"Jeffrey Silver, Robert F. Newmyer"
206,5322-21024,"David Brown, Joe Wizan"
207,21035-21036,"Doug Davison, Roy Lee"
208,2043-6040-10685-945998-1702379,"John Davis, Wyck Godfrey, Laurence Mark, Topher Dow, Michael Lee Baron"
209,1269-2359-3718,"Kevin Costner, Jake Eberts, David Valdes"
210,1899-21138-21139,"Denise Di Novi, Kate Guinzburg, Carol Lees"
211,770-12962,"Jerry Bruckheimer, Jon Turteltaub"
212,32532,Brad Lewis
213,45861,Tom Jacobson
214,21219-21220,"Allan Kaufman, David Willis"
215,6968-7200-7626,"Hugh Jackman, Lauren Shuler Donner, Avi Arad"
216,1460574,Robert Lawrence
217,2710-8529-21567,"James Cameron, Jon Landau, Rae Sanchini"
218,3288-6627-21585-21586,"Chris Weitz, Chris Moore, Craig Perry, Warren Zide"
219,4504-21635-21636,"Roger Birnbaum, Jonathan Glickman, Arthur M. Sarkissian"
220,2487,Bruce Davey
221,21696-21697,"Jun Aida, Chris Lee"
222,11874-21714-33256,"Neal H. Moritz, Jesse Beaton, Stokely Chaffin"
223,323-376-18349,"Curtis Hanson, Arnon Milchan, Michael G. Nathanson"
224,7395-7396-7407,"Bobby Farrelly, Peter Farrelly, Bradley Thomas"
225,5231-16731-21865,"Wolfgang Petersen, Paula Weinstein, Gail Katz"
226,2212-3718,"Walter F. Parkes, David Valdes"
227,59-21932-21933,"Luc Besson, Steve Chasman, Happy Walters"
228,2042-5575-22077-22078,"Stephen Hopkins, Akiva Goldsman, Carla Fry, Mark W. Koch"
229,4700,James G. Robinson
230,5398-19051,"Dino De Laurentiis, Martha De Laurentiis"
231,22297-22302-70851,"Kyle Gass, Stuart Cornfeld, Jack Black"
232,5174,Barry Sonnenfeld
233,9032-9033-10953,"Bryan Singer, Christopher McQuarrie, Gilbert Adler"
234,23420-23421,"Bill Carraro, Deborah Forte"
235,957-9776-10952-23446-23449,"Matthew Vaughn, Chantal Feghali, Lorenzo di Bonaventura, Neil Gaiman, Michael Dreyer"
236,4611,Mace Neufeld
237,5342-6476-8406,"Mike Nichols, Cary Brokaw, John Calley"
238,5664-23765-23768,"Barry Mendel, Cornelia Funke, Ileen Maisel"
239,24-30-10956-23779-42264-42265,"Robert Zemeckis, Steve Starkey, Josh McLaglen, Jack Rapke, Jacqueline M. Lopez, Peter M. Tobyansen"
240,1091-1092-1094,"Joel Silver, Jim Thomas, John Thomas"
241,24176-24177,"Jack Binder, Michael Rotenberg"
242,2043-6040,"John Davis, Wyck Godfrey"
243,11694-12997-25600,"Doug Liman, Richard N. Gladstein, Patrick Crowley"
244,664-25600-25604,"Frank Marshall, Patrick Crowley, Paul Sandberg"
245,664-25600-25604-29403,"Frank Marshall, Patrick Crowley, Paul Sandberg, Andrew R. Tennenbaum"
246,3388-57572-67994,"James L. Brooks, Richard Sakai, Julie Ansell"
247,638-16729-27218-27219-66185,"Michael Mann, Graham King, Sandy Climan, Charles Evans Jr., Matthias Deyle"
248,19665,John Boorman
249,21478-61091-67773,"Ashok Amritraj, Jon Jashni, Steve Martin"
250,24-30-23779,"Robert Zemeckis, Steve Starkey, Jack Rapke"
251,8299-21085,"Andrew Mason, Alex Proyas"
252,2997-11303,"Scott Rudin, Adam Schroeder"
253,136-664-11614,"Sam Mercer, Frank Marshall, M. Night Shyamalan"
254,4499-4504-4505-4507-11874,"Tom Shadyac, Roger Birnbaum, Michael Bostick, Gary Barber, Neal H. Moritz"
255,6468-15208-27846-28154,"Nick Wechsler, Keith Addis, John Herzfeld, David Blocker"
256,35508-35509,"Michael Besman, Harry Gittes"
257,6627-21585-21586,"Chris Moore, Craig Perry, Warren Zide"
258,16731-28632,"Paula Weinstein, Ben Cosgrove"
259,409,Cathy Konrad
260,29525,Andrew Lazar
261,20206-20207-29014-29015,"Mike Medavoy, Arnold Messer, Nick Osborne, Robert Simonds"
262,29207,Daniel Silverberg
263,2043-17144,"John Davis, David T. Friendly"
264,770-2444-31646,"Jerry Bruckheimer, Mike Stenson, Michael Browning"
265,8246-16731-20842-21478-31708-31709-31710,"Barry Levinson, Paula Weinstein, Arnold Rifkin, Ashok Amritraj, Michael Birnbaum, Michele Berk, David Hoberman"
266,1269-3029-7847,"Kevin Costner, Raynold Gideon, Jim Wilson"
267,4499-4505-4506-19292-20821-32900,"Tom Shadyac, Michael Bostick, James D. Brubaker, Adam Sandler, Jack Giarraputo, Amanda Morgan Palmer"
268,190-339-4746-6159,"Clint Eastwood, Brian Grazer, Robert Lorenz, Ron Howard"
269,9543-33624,"Beau Flynn, Tripp Vinson"
270,339-2997,"Brian Grazer, Scott Rudin"
271,11697-11874-33256,"Erik Feig, Neal H. Moritz, Stokely Chaffin"
272,11697-11874-33256-33281,"Erik Feig, Neal H. Moritz, Stokely Chaffin, William S. Beasley"
273,33435-33436,"Kerry Heysen, Sergio Aguero"
274,190-488-4746,"Clint Eastwood, Steven Spielberg, Robert Lorenz"
275,39-136-34884,"Sam Mendes, Sam Mercer, Barbara Kelly"
276,510-34894,"Tim Burton, Allison Abbate"
277,2487-17698-33437-34481-59963,"Bruce Davey, Nancy Meyers, Susan Cartsonis, Matt Williams, Gina Matthews"
278,5626-34517-34518-34522-34524,"Michael Polaire, Trey Parker, Matt Stone, Pam Brady, Frank C. Agnone II"
279,5724-34849-34857-1247414,"Denis Leary, Ted Demme, Joel Stillerman, Tomás Krejcí"
280,3183-34967-34969-34970,"Don Murphy, Rick Benattar, Jeff Katz, Susan Montford"
281,39-1297-1191105,"Sam Mendes, Richard D. Zanuck, Dean Zanuck"
282,135-2860-2997,"Bobby Cohen, John Hart, Scott Rudin"
283,12962-18350-21003-35664-35665-35666,"Jon Turteltaub, Hunt Lowry, Stephen J. Eads, William M. Elvin, Bill Johnson, Christina Steinberg"
284,1588-12842-69597,"Nancy Juvonen, Leonard Goldberg, Drew Barrymore"
285,2236-2238,"Tim Bevan, Eric Fellner"
286,2236-2238-21378,"Tim Bevan, Eric Fellner, Paul Webster"
287,638-5545-19282-1128232-1128233,"Michael Mann, K.C. Hodenfield, Scott Stuber, Tim Smythe, Maria Williams"
288,298-16731-20223,"Chris Bender, Paula Weinstein, J.C. Spink"
289,1091-37162,"Joel Silver, Susan Downey"
290,282-37297,"Charles Roven, Daniel Bobker"
291,664-23964-38269,"Frank Marshall, Gary Ross, Jane Sindell"
292,1093-1994,"Lawrence Gordon, Robert F. Colesberry"
293,287-578-3718-20458-39515,"Brad Pitt, Ridley Scott, David Valdes, Dede Gardner, Jules Daly"
294,7623-11359-23541,"Sam Raimi, Robert Tapert, Joseph Drake"
295,4135-34848-36603-39922,"Robert Redford, Tracy Falco, Matthew Michael Carnahan, Andrew Hauptman"
296,5174-42906,"Barry Sonnenfeld, Barry Josephson"
297,518-5381-5382-8305,"Danny DeVito, Michael Shamberg, Stacey Sher, David Nicksay"
298,520-38023-47915-58365-58366,"Sarah Jessica Parker, Michael Patrick King, Darren Star, Eric M. Cyphers, John P. Melfi"
299,21478-31710,"Ashok Amritraj, David Hoberman"
300,38657,Jay Sanders
301,2236-2238-11112,"Tim Bevan, Eric Fellner, Nira Park"
302,9543-33624-41590,"Beau Flynn, Tripp Vinson, Lowell D. Blank"
303,1587-39118-39119-39120,"Sean McKittrick, Bo Hyde, Kendall Morgan, Matthew Rhodes"
304,9184-9196-18389-68602,"Scott Kroopf, Ted Field, Robert W. Cort, Tom Rosenberg"
305,7779-7780-7781-30365,"Sean Daniel, James Jacks, Kevin Jarre, Michael Caton-Jones"
306,1091-11267-979152,"Joel Silver, Jessica Alan, David Gambino"
307,7779-7780-28154-39973,"Sean Daniel, James Jacks, David Blocker, Caldecot Chubb"
308,489-664-7475,"Kathleen Kennedy, Frank Marshall, Ceán Chaffin"
309,1461-20802-31511,"George Clooney, Casey Silver, Grant Heslov"
310,1223-1224-51737,"Joel Coen, Ethan Coen, David Diliberto"
311,2359-2948-4135-7531-41018,"Jake Eberts, Michael Nozik, Robert Redford, Joseph P. Reidy, Chris Brigham"
312,3184-41039-41076,"Clayton Townsend, Judd Apatow, Shauna Robertson"
313,819-13017-40277,"Edward Norton, Hawk Koch, Stuart Blumberg"
314,24-1091-37162-40287,"Robert Zemeckis, Joel Silver, Susan Downey, L. Levin"
315,339-578,"Brian Grazer, Ridley Scott"
316,1227-1993-4762-4769-4770,"John S. Lyons, Lloyd Levin, Paul Thomas Anderson, Daniel Lupi, JoAnne Sellar"
317,2184,Richard Barton Lewis
318,9642-18250-41381-41382,"Jude Law, Jon Avnet, Sadie Frost, Marsha Oglesby"
319,4504-21635-21636-41896,"Roger Birnbaum, Jonathan Glickman, Arthur M. Sarkissian, Jay Stern"
320,1091-11267-1124532,"Joel Silver, Jessica Alan, Carrie Morrow"
321,1091-16853-42994,"Joel Silver, Jessie Nelson, David Dobkin"
322,8891-14093-18691,"John Travolta, Jonathan D. Krane, Elie Samaha"
323,190-29525,"Clint Eastwood, Andrew Lazar"
324,16377-35666-44118,"Jerry Seinfeld, Christina Steinberg, Cameron Stevning"
325,376-3392-1472450,"Arnon Milchan, Michael Douglas, Marcy Drogin"
326,3305-46077-46079,"Jane Rosenthal, Jorge Saralegui, Channing Dungey"
327,4504-4507,"Roger Birnbaum, Gary Barber"
328,4504-8858,"Roger Birnbaum, Ivan Reitman"
329,2545-49826,"Lawrence Bender, John Baldecchi"
330,21677-47974-47978-47979,"Barnaby Thompson, Bob Spiers, Uri Fruchtmann, Mark L. Rosen"
331,8844-16329,"Lawrence Kasdan, Charles Okun"
332,1297-4504-4507-5707,"Richard D. Zanuck, Roger Birnbaum, Gary Barber, Lili Fini Zanuck"
333,770-2446,"Jerry Bruckheimer, Chad Oman"
334,339-2043-6159,"Brian Grazer, John Davis, Ron Howard"
335,282-2707-4588,"Charles Roven, Paul Junger Witt, Edward McDonnell"
336,1899,Denise Di Novi
337,35475,Sean S. Cunningham
338,30696-49906,"Janice Karman, Ross Bagdasarian"
339,5575-10968-11874-46080-49917,"Akiva Goldsman, David Heyman, Neal H. Moritz, James Lassiter, Tracy Tormé"
340,52046,Jonathan Tzachor
341,41551,Bill Gerber
342,339-776,"Brian Grazer, Eddie Murphy"
343,31-27098,"Tom Hanks, Gary Goetzman"
344,551-50724-50728,"Suzanne Todd, Jeffrey Sudzin, Andrew Licht"
345,3184-41039-51851,"Clayton Townsend, Judd Apatow, Jake Kasdan"
346,1482-35180-50769,"John Cameron, Sidney Kimmel, Sarah Aubrey"
347,50984,Scott Steindorff
348,4767-9184-42357,"Michael De Luca, Scott Kroopf, William Teitler"
349,2997-17751,"Scott Rudin, Scott Aversano"
350,136-2997-11614,"Sam Mercer, Scott Rudin, M. Night Shyamalan"
351,41039,Judd Apatow
352,29-51612-51613,"Steve Tisch, Todd Black, Jason Blumenthal"
353,6201-6203-12202-23226-1115007,"Baz Luhrmann, Catherine Martin, Catherine Knapman, G. Mac Brown, Paul Watters"
354,7775-7784,"Stephen Sommers, Bob Ducsay"
355,52004,Elaine Goldsmith-Thomas
356,15344-28977-150010,"J.J. Abrams, Bryan Burk, David Baronoff"
357,3304-58327,"Brad Epstein, Jonathan Shestack"
358,53177-53178-1746321,"Brian Robbins, Mike Tollin, David Gale"
359,29015,Robert Simonds
360,30-578-1886-23779-39387,"Steve Starkey, Ridley Scott, Ted Griffin, Jack Rapke, Sean Bailey"
361,3984-4611-53299-53300,"Stephanie Austin, Mace Neufeld, Howard Baldwin, Karen Elise Baldwin"
362,7314-53304-53329-982685-1120755,"Nick Park, Peter Lord, David Sproxton, Lenny Young, Jacky Chrisp"
363,4767-6590-15282-54419-72106-1117438,"Michael De Luca, Sigurjón Sighvatsson, Matt Battaglia, Ryan Kavanaugh, Ken Halsband, Mark Fischer"
364,2445-7399-22302-1074886,"Eric McLeod, Ben Stiller, Stuart Cornfeld, Brian Taylor"
365,12881-13596-40345,"Gary Goldman, David Kirschner, Don Bluth"
366,4504-4507-6737-21635-1349345,"Roger Birnbaum, Gary Barber, Jay Roach, Jonathan Glickman, Nick Goldsmith"
367,1091-8528-9339-9340-10903-10905-11267-11268,"Joel Silver, Grant Hill, Lilly Wachowski, Lana Wachowski, Henning Molfenter, Charlie Woebcken, Jessica Alan, Roberto Malerba"
368,10952,Lorenzo di Bonaventura
369,17403-52804,"Mike Judge, Elysa Koplovitz"
370,206-339,"Jim Carrey, Brian Grazer"
371,6046-6048-54208,"Roland Emmerich, Mark Gordon, Michael Wimer"
372,15906-54252-1434549,"William Horberg, E. Bennett Walsh, Rebecca Yeldham"
373,108-126-128-3506-1128252-1128253-1128254,"Peter Jackson, Fran Walsh, Philippa Boyens, Carolynne Cunningham, Aimée Peyronnet, Marc Ashton, Anne Bruning"
374,2043,John Davis
375,4762-4769-4770,"Paul Thomas Anderson, Daniel Lupi, JoAnne Sellar"
376,4767-54417,"Michael De Luca, Dana Brunetti"
377,915-1723-5053-10205-35510,"David Giler, Walter Hill, Gordon Carroll, Sigourney Weaver, Bill Badalato"
378,9183-53785,"Paula Wagner, Gaye Hirsch"
379,53941-53942-1459908,"Sean Covel, Jeremy Coon, Chris Wyatt"
380,190-54045,"Clint Eastwood, Arnold Stiefel"
381,869-3953-10903-10905-54049-120606-1746321,"Gale Anne Hurd, Gary Lucchesi, Henning Molfenter, Charlie Woebcken, Martha Griffin, Gregory Goodman, David Gale"
382,511-46088-52845-1257754,"Larry J. Franco, Mark Canton, Karey Kirkpatrick, Ellen Goldsmith-Vein"
383,5572-35974-37926,"Joel Schumacher, Gavin Polone, Judy Hofflund"
384,376-11092-11695-38657-66513-142325-954164,"Arnon Milchan, Simon Kinberg, Lucas Foster, Jay Sanders, Jeffrey Harlacker, Simon Crane, Georgina Pope"
385,54249-54250-54251-54252-57601,"Jackie Marcus Schaffer, Kwame Parker, Tom Pollock, E. Bennett Walsh, Joe Medjuck"
386,298-6627-21584-21585-21586,"Chris Bender, Chris Moore, Adam Herz, Craig Perry, Warren Zide"
387,11696-11697-20739-20742,"Patrick Wachsberger, Erik Feig, Adam Shankman, Jennifer Gibgot"
388,24-30-31-23779,"Robert Zemeckis, Steve Starkey, Tom Hanks, Jack Rapke"
389,41039-41076,"Judd Apatow, Shauna Robertson"
390,518-5381-5382-54823-54824,"Danny DeVito, Michael Shamberg, Stacey Sher, James Ellis, Shauna Garr"
391,12835-37932-54870-54871-54872-54873,"Vin Diesel, F. Gary Gray, Bob Degus, Vincent Newman, Joey Nittolo, Tucker Tooley"
392,1093-1993-4016,"Lawrence Gordon, Lloyd Levin, Jeremy Bolt"
393,31024,Betty Thomas
394,2145-2147,"Mark Burg, Oren Koules"
395,3805-5174,"Jon Peters, Barry Sonnenfeld"
396,2888-46080,"Will Smith, James Lassiter"
397,638-3805-46080-55999,"Michael Mann, Jon Peters, James Lassiter, Paul Ardaji"
398,4504-4507-21635,"Roger Birnbaum, Gary Barber, Jonathan Glickman"
399,2690-6870-65043,"Peter Weir, Duncan Henderson, Samuel Goldwyn Jr."
400,136-5664-11614-958493-966473-1128126,"Sam Mercer, Barry Mendel, M. Night Shyamalan, John Rusk, Deven Khote, Jose L. Rodriguez"
401,1297-5322,"Richard D. Zanuck, David Brown"
402,11302-14392-55599,"Edward S. Feldman, Kathryn Bigelow, Winship Cook"
403,58470-63515-65377,"Donald De Line, Jon Klane, Bernie Goldmann"
404,59-18186-55772,"Luc Besson, Pierre-Ange Le Pogam, India Osborne"
405,1150,Brian De Palma
406,71453-71454,"Nick Barton, Suzanne Mackie"
407,1525-3183,"Trevor Albert, Don Murphy"
408,52160-56158,"John Goldwyn, Lorne Michaels"
409,23485-49831,"Marc Platt, Ric Kidney"
410,12524-12627,"Chris Carter, Frank Spotnitz"
411,12507,Raffaella De Laurentiis
412,18389-24051,"Robert W. Cort, David Madden"
413,2445-56515,"Eric McLeod, Julio Caro"
414,282-21932-57201-1127780,"Charles Roven, Steve Chasman, Mairi Bett, Aaron Shuster"
415,56106-56107,"Charles Shyer, Elaine Pope"
416,13301,Quincy Jones
417,25455-47285-47286-66174,"Gil Netter, Broderick Johnson, Andrew A. Kosove, Wayne Allan Rice"
418,4504,Roger Birnbaum
419,1296-46077-46088,"Bruce Berman, Jorge Saralegui, Mark Canton"
420,339-6159,"Brian Grazer, Ron Howard"
421,8374-20720-23485-56238,"Iain Smith, Jim Lemley, Marc Platt, Jason Netter"
422,5575-47052-47053-1474777,"Akiva Goldsman, Tony Ludwig, Alan Riche, Don MacBain"
423,12106-32532-56269,"Aron Warner, Brad Lewis, Patty Wooton"
424,638-2888-5575-46080,"Michael Mann, Will Smith, Akiva Goldsman, James Lassiter"
425,10999-102688,"Joel Simon, Jonathan Winfrey"
426,41587-56461,"Armyan Bernstein, Kevin J. Messick"
427,2836-2997-6488-120606,"Kimberly Peirce, Scott Rudin, Mark Roybal, Gregory Goodman"
428,2212-8701-77130-1102046,"Walter F. Parkes, Laurie MacDonald, Marc Levy, Veronica Brooks"
429,21035-21036-69227,"Doug Davison, Roy Lee, Bill Mechanic"
430,5953-9656-56578,"Spike Jonze, Johnny Knoxville, Jeff Tremaine"
431,15810-15811-56612,"Ron Clements, John Musker, Roy Conli"
432,20908-21146-56644,"Jeffrey Silver, Robert F. Newmyer, Brian Reilly"
433,12062-56671,"Jeffrey Katzenberg, Mireille Soria"
434,10954-17825-20516,"Michael Aguilar, Shawn Levy, Dean Georgaris"
435,18691-34511-56032-58787,"Elie Samaha, Lisa Ellzey, Moshe Diamant, Giannina Facio"
436,12233-17600-22056-34693-56961,"Paul Feldsher, Allon Reich, Marty Katz, Stanley R. Jaffe, Robert Jaffe"
437,931,Douglas Wick
438,6048-11404-21983-35510,"Mark Gordon, Terence Chang, Allison Lyon Segan, Bill Badalato"
439,5379-11874-21697,"Dan Halsted, Neal H. Moritz, Chris Lee"
440,339-5283,"Brian Grazer, Karen Kehela Sherwood"
441,10764-12050,"Arnold Kopelson, Anne Kopelson"
442,10965-11222-17828-52042,"Chris Columbus, Mark Radcliffe, Michael Barnathan, Richard Vane"
443,57132-57601,"Daniel Goldberg, Joe Medjuck"
444,21585-21586-42121-57134,"Craig Perry, Warren Zide, Glenn Morgan, James Wong"
445,20821,Jack Giarraputo
446,31708-57174,"Michael Birnbaum, Bob Cooper"
447,17797-71324,"Michael Taylor, Barbara Boyle"
448,30-23779,"Steve Starkey, Jack Rapke"
449,32035,Edward R. Pressman
450,3289-9203-45584,"Paul Weitz, Rodney Liber, Andrew Miano"
451,1723-21636,"Walter Hill, Arthur M. Sarkissian"
452,7775-7779-7780-57343,"Stephen Sommers, Sean Daniel, James Jacks, Kevin Misher"
453,59-21932,"Luc Besson, Steve Chasman"
454,4485-4486-11874-19292-20821,"Steve Koren, Mark O'Keefe, Neal H. Moritz, Adam Sandler, Jack Giarraputo"
455,11808-11813-39387,"Cooper Layne, David Foster, Sean Bailey"
456,2986-11813,"Doug Claybourne, David Foster"
457,54249-57132-57406-57407,"Jackie Marcus Schaffer, Daniel Goldberg, Alec Berg, David Mandel"
458,17735-70851,"Mike White, Jack Black"
459,21585-21586,"Craig Perry, Warren Zide"
460,11081-57440-57442-57443,"Jack Epps Jr., Verna Harrah, Carole Little, Leonard Rabinowitz"
461,865-6869,"Michael Bay, Mike Fleiss"
462,931-7726,"Douglas Wick, Alan Marshall"
463,5575-22302-47052-47053-57536,"Akiva Goldsman, Stuart Cornfeld, Tony Ludwig, Alan Riche, William Blinn"
464,8858-57132-57601,"Ivan Reitman, Daniel Goldberg, Joe Medjuck"
465,2997-7399-22302,"Scott Rudin, Ben Stiller, Stuart Cornfeld"
466,2147-57679-57680,"Oren Koules, Takashi Bufford, Dale Pollock"
467,4183-57132-57601,"Celia D. Costas, Daniel Goldberg, Joe Medjuck"
468,58421-1118709,"Christopher Jenkins, Lydia Bottegoni"
469,10950-58467,"Erwin Stoff, Molly Madden"
470,376-18349-18679,"Arnon Milchan, Michael G. Nathanson, Mark Tarlov"
471,2260-2997-4135-7530,"Steven Zaillian, Scott Rudin, Robert Redford, Rachel Pfeffer"
472,869,Gale Anne Hurd
473,41587-58327,"Armyan Bernstein, Jonathan Shestack"
474,1888-4700,"Jerry Weintraub, James G. Robinson"
475,57632,Uberto Pasolini
476,2997-5655-5664,"Scott Rudin, Wes Anderson, Barry Mendel"
477,57434,Amy Heckerling
478,48498-58314-58315,"Mickey Liddell, Paul Rosenberg, Matt Freeman"
479,10953,Gilbert Adler
480,5322-21024-69668,"David Brown, Joe Wizan, Steve Wizan"
481,12881-40345-1114889,"Gary Goldman, Don Bluth, Laura Jo 'L.J.' Wentworth"
482,639-6449-7200,"Pieter Jan Brugge, Warren Beatty, Lauren Shuler Donner"
483,17167-56671-58013,"Andy Tennant, Mireille Soria, Tracey Trench"
484,5379,Dan Halsted
485,4446-5281,"Jon Kilik, Spike Lee"
486,57607-57615-57617,"Stephen Chow, Po Chu Chui, Jeffrey Lau"
487,7399-22302,"Ben Stiller, Stuart Cornfeld"
488,4723-25054-51612,"Brian Helgeland, Tim Van Rellim, Todd Black"
489,376-7626-12922,"Arnon Milchan, Avi Arad, Gary Foster"
490,1151-56109-57652,"Martin Bregman, Michael Bregman, Louis A. Stroller"
491,2236-2238-8401,"Tim Bevan, Eric Fellner, Mark Huffam"
492,7878-57673,"Darla K. Anderson, Kevin Reher"
493,7200-9248,"Lauren Shuler Donner, Nora Ephron"
494,4169-29015,"Dave Chappelle, Robert Simonds"
495,11772-20821,"Barry Bernardi, Jack Giarraputo"
496,15306-15307-57822,"Peter Abrams, Robert L. Levy, Andrew Panay"
497,135-931,"Bobby Cohen, Douglas Wick"
498,21585-21586-42121,"Craig Perry, Warren Zide, Glenn Morgan"
499,3305-16731,"Jane Rosenthal, Paula Weinstein"
500,7187-7200-22816,"Richard Donner, Lauren Shuler Donner, Jim Van Wyck"
501,3184-5379-7200,"Clayton Townsend, Dan Halsted, Lauren Shuler Donner"
502,9987-20842-31143,"Ian Bryce, Arnold Rifkin, Mike Lobell"
503,190-4745,"Clint Eastwood, Judie Hoyt"
504,11505-58015,"John Hughes, Ricardo Mestres"
505,8305-33104,"David Nicksay, David Ladd"
506,17144-17313,"David T. Friendly, Michael Green"
507,4723-14695,"Brian Helgeland, Craig Baumgarten"
508,869-56053,"Gale Anne Hurd, Joseph Singer"
509,2043-11401-11404-946092,"John Davis, John Woo, Terence Chang, Michael Hackett"
510,376-31710,"Arnon Milchan, David Hoberman"
511,282-18953,"Charles Roven, Richard Suckle"
512,17825-20739-20742-29206-58266,"Shawn Levy, Adam Shankman, Jennifer Gibgot, Garrett Grant, Ben Myron"
513,24-1091-10953,"Robert Zemeckis, Joel Silver, Gilbert Adler"
514,7200-58376,"Lauren Shuler Donner, Ewan Leslie"
515,1254-17209-56032-57901,"Art Linson, Avi Lerner, Moshe Diamant, Rudy Cohen"
516,770-2444,"Jerry Bruckheimer, Mike Stenson"
517,8374-15219-15220-58847-58848-58849-973271,"Iain Smith, Marc Abraham, Eric Newman, Pablo Casacuberta, Hilary Shor, Tony Smith, Kristel Laiblin"
518,136-11614,"Sam Mercer, M. Night Shyamalan"
519,6468,Nick Wechsler
520,1091-14093-58657,"Joel Silver, Jonathan D. Krane, Paul Winze"
521,2963-4770-17209-17211-18956,"Nicolas Cage, JoAnne Sellar, Avi Lerner, Randall Emmett, Norman Golightly"
522,11505-161965,"John Hughes, Hilton A. Green"
523,41039-61397,"Judd Apatow, Jimmy Miller"
524,931-9248-14911-19862,"Douglas Wick, Nora Ephron, Penny Marshall, Lucy Fisher"
525,578-5398-19051,"Ridley Scott, Dino De Laurentiis, Martha De Laurentiis"
526,136-5664-11614,"Sam Mercer, Barry Mendel, M. Night Shyamalan"
527,7170,Barbara De Fina
528,41587-58327-67759,"Armyan Bernstein, Jonathan Shestack, Basil Iwanyk"
529,776-2043,"Eddie Murphy, John Davis"
530,8676-39032,"Dean Devlin, Lauren Lloyd"
531,18344,Paul Schiff
532,8401-58987-59525,"Mark Huffam, Mike Jefferies, Matt Barrelle"
533,11874-48548,"Neal H. Moritz, Lee Stanley"
534,4937-19282,"Vince Vaughn, Scott Stuber"
535,5231-21865-41587-58327,"Wolfgang Petersen, Gail Katz, Armyan Bernstein, Jonathan Shestack"
536,57756-73771-73772,"Gene Simmons, Kathleen Haase, Barry Levine"
537,69414,John Linson
538,4499-4505,"Tom Shadyac, Michael Bostick"
539,5140-35581-64129-1128147,"Wes Craven, Marianne Maddalena, Peter Locke, Samy Layani"
540,2236-2238-9157-50147,"Tim Bevan, Eric Fellner, Jonathan Cavendish, Oswald Wolkenstein"
541,33340,John Walker
542,15219-59416-59418-59419-59421,"Marc Abraham, Matt Berenson, Betsy Danbury, Scott Lew, Paul Young"
543,43518,Lawrence Kasanoff
544,2488-12288,"Alan Ladd, Jr., Robert Evans"
545,1993-2236-2238-25598-59679-59681,"Lloyd Levin, Tim Bevan, Eric Fellner, Paul Greengrass, Michael Bronner, Kate Solomon"
546,65360,Andrew Lloyd Webber
547,35510,Bill Badalato
548,488-12062-12065-12066,"Steven Spielberg, Jeffrey Katzenberg, Penney Finkelman Cox, Sandra Rabins"
549,63999,Jerry Leider
550,31143-41550,"Mike Lobell, Andrew Bergman"
551,8851-38415-59973,"Whitney Houston, Mario Iscovich, Debra Martin Chase"
552,2162-9181,"Lynda Obst, Edward Zwick"
553,1202-11813,"Steven Reuther, David Foster"
554,2997-14929-58470-60010-60013,"Scott Rudin, Edgar J. Scherick, Donald De Line, Gabriel Grunfeld, Leslie J. Converse"
555,41039-50728-59354,"Judd Apatow, Andrew Licht, Jeffrey A. Mueller"
556,4700-1203317,"James G. Robinson, David C. Robinson"
557,3415-7779-60097,"Jerry Zucker, Sean Daniel, Janet Zucker"
558,7397-7398-9543-60214-60216-60217-60218,"Ed Decter, John J. Strauss, Beau Flynn, Jim Burton, Jane Park, Clint Goldman, Doug Short"
559,31-27098-60237-60244-60248,"Tom Hanks, Gary Goetzman, John A. Davis, Alex Johns, Kim Saxon"
560,4489-60263-60264-60265-60266,"Steve Oedekerk, Mark Beam, Nicholisa Contis, Paul Marshall, Andrew Egiziano"
561,4700-11095-60280-60281-97547,"James G. Robinson, James M. Freitag, Billy Higgins, Jay Cohen, Wayne Morris"
562,1978-5381-5382-37297-1396886,"Iain Softley, Michael Shamberg, Stacey Sher, Daniel Bobker, Lorenzo P. Lampthwait"
563,2162-12288-52042-60554,"Lynda Obst, Robert Evans, Richard Vane, Christine Forsyth-Peters"
564,29-1269-7847,"Steve Tisch, Kevin Costner, Jim Wilson"
565,893-4697-60576-60577,"Tony Scott, Samuel Hadida, David Hadida, Peter Toumasis"
566,43104-59003-59004-60836-60837-60839-60840,"Robyn Klein, Jeff Geoffray, Walter Josten, Elton Brand, Harry Knapp, Adam W. Rosen, Steve Marlton"
567,7623-9615-11359-52451-61120-61121-61122-61123-61125,"Sam Raimi, Jim Miller, Robert Tapert, Kelli Konop, Rhonda Baker, Lou Arkoff, William Sherak, Jason Shuman, J.R. Young"
568,6159-13596-61294,"Ron Howard, David Kirschner, Jon Shapiro"
569,61396-61397,"Mia Apatow, Jimmy Miller"
570,61417,Randy Fullmer
571,58408-61483,"Jordan Kerner, Tony Winley"
572,6468-8305-15208,"Nick Wechsler, David Nicksay, Keith Addis"
573,4611-5322-12288-61820-1034749,"Mace Neufeld, David Brown, Robert Evans, William J. MacDonald, Lis Kern"
574,4504-4507-20742-21635,"Roger Birnbaum, Gary Barber, Jennifer Gibgot, Jonathan Glickman"
575,23485-62117-62119,"Marc Platt, Nicole Brown, Andre Harrell"
576,59-60,"Luc Besson, Patrice Ledoux"
577,7627-11874-20206,"Laura Ziskin, Neal H. Moritz, Mike Medavoy"
578,4499-4504-4507-5162-62543-62544-62545,"Tom Shadyac, Roger Birnbaum, Gary Barber, Mark Johnson, Alan B. Curtiss, Janet L. Wattles, Arlene Kehela"
579,340-53334-62634-62636-62637-62638-62640,"Jimmy Iovine, Jim Sheridan, Renata Adamidov, Chris Lighty, Heather Parry, Sharon Seto, Paul Rosenberg"
580,2161-6856,"Debra Hill, Kurt Russell"
581,865-17210-17211-49681-54843-54844-62722-62723-62726,"Michael Bay, George Furla, Randall Emmett, Paul Mason, Andrew Form, Bradley Fuller, Matthew Cohan, Stefan Sonnenfeld, Steve Whitney"
582,24-1091-37162,"Robert Zemeckis, Joel Silver, Susan Downey"
583,12898-31710,"Tim Allen, David Hoberman"
584,518-5381-5382-63221-63224-63225-63229,"Danny DeVito, Michael Shamberg, Stacey Sher, Penny Adams, John Landgraf, Sandi Yi-Trimble, Sandi Yi-Trimble"
585,63263-63265-63266-71600,"Beau Bauman, Steven Butensky, Gene Klein, Seth Gordon"
586,16158-18322-59963,"Susan Arnold, Donna Roth, Gina Matthews"
587,10850-113674-113675,"Kevin Feige, Victoria Alonso, Jeremy Latcham"
588,5162-5524-5541-1117948,"Mark Johnson, Andrew Adamson, Philip Steuer, Cort Kristensen"
589,1223-1307-1482-50769,"Joel Coen, Bob Weinstein, John Cameron, Sarah Aubrey"
590,2147-7408-51702-51703-58868,"Oren Koules, Charles B. Wessler, Brad Krevoy, Steven Stabler, Troy Miller"
591,4782-8246-64029,"Michael Crichton, Barry Levinson, Andrew Wald"
592,15219-57343-64127-64128,"Marc Abraham, Kevin Misher, Bill Corless, Karen Glasser"
593,1269-7847,"Kevin Costner, Jim Wilson"
594,12894,Bonnie Arnold
595,7878-7879,"Darla K. Anderson, John Lasseter"
596,10850,Kevin Feige
597,23485,Marc Platt
598,61416,Peter Del Vecho
599,10950-55500-120606,"Erwin Stoff, Paul Harris Boardman, Gregory Goodman"
600,1297-10968,"Richard D. Zanuck, David Heyman"
601,44064,Ken Kaufman
602,2226-15906-1427739,"Sydney Pollack, William Horberg, Philippa Braithwaite"
603,49284,Frank Mancuso Jr.
604,1899-18350,"Denise Di Novi, Hunt Lowry"
605,9263-15004-64811-64812,"Barry Kemp, Charles Newirth, Mike Farrell, Marvin Minoff"
606,8305-23485,"David Nicksay, Marc Platt"
607,64830,Andrew Gunn
608,60217,Clint Goldman
609,955069-955071-1340086,"Sid Sheinberg, Bill Sheinberg, Jonathan Sheinberg"
610,5283-49831,"Karen Kehela Sherwood, Ric Kidney"
611,24953-65327-141483,"Ash R. Shah, Daniel Chuba, Jamie Dixon"
612,9248-57678,"Nora Ephron, Delia Ephron"
613,5322,David Brown
614,12842,Leonard Goldberg
615,13563-41587-65012,"Norman Jewison, Armyan Bernstein, John Ketcham"
616,19292,Adam Sandler
617,9778-65135,"Ice Cube, Matt Alvarez"
618,1059-46088,"Neil Canton, Mark Canton"
619,4054-12922,"David V. Lester, Gary Foster"
620,1297-2997,"Richard D. Zanuck, Scott Rudin"
621,11302,Edward S. Feldman
622,4014-4016-9183-102429,"Paul W.S. Anderson, Jeremy Bolt, Paula Wagner, Roger Corman"
623,25585-61295,"Brooke Breton, Bonne Radford"
624,1091-37162-41289-63127-112690-112691,"Joel Silver, Susan Downey, Lionel Wigram, Steve Clark-Hall, Dan Lin, Peter Eskelsen"
625,510-1899,"Tim Burton, Denise Di Novi"
626,12824,Don Hahn
627,21983-65673-65674,"Allison Lyon Segan, Bill Damaschke, Janet Healy"
628,10830-13017-17812-23420,"Toby Emmerich, Hawk Koch, Gregory Hoblit, Bill Carraro"
629,10685,Laurence Mark
630,65857-65858,"Pam Marsden, Baker Bloodworth"
631,9543-11095-33624-41896-65690-65691-65693,"Beau Flynn, James M. Freitag, Tripp Vinson, Jay Stern, Keith Goldberg, Alissa Ferguson, Chris Pollack"
632,11813-17812-20842-21003-33104-65724,"David Foster, Gregory Hoblit, Arnold Rifkin, Stephen J. Eads, David Ladd, Patricia Graf"
633,931-19862-57465,"Douglas Wick, Lucy Fisher, Patrick McCormick"
634,66116-66120-66121,"Mark Brown, Robert Teitel, George Tillman, Jr."
635,56158,Lorne Michaels
636,47053-66108,"Alan Riche, Paul Kurta"
637,19292-20821,"Adam Sandler, Jack Giarraputo"
638,20821-29015,"Jack Giarraputo, Robert Simonds"
639,69163,Pam Coats
640,72752-72753,"Jim Morris, Lindsey Collins"
641,2043-59973,"John Davis, Debra Martin Chase"
642,7530-58084-58085,"Rachel Pfeffer, Harry J. Ufland, Mary Jane Ufland"
643,2043-6040-59416,"John Davis, Wyck Godfrey, Matt Berenson"
644,10999-16731-34894-65377-66897,"Joel Simon, Paula Weinstein, Allison Abbate, Bernie Goldmann, Christopher DeFaria"
645,11874-59960,"Neal H. Moritz, Brad Luff"
646,41076-52000-66821,"Shauna Robertson, Todd Komarnicki, Jon Berg"
647,5162-6159,"Mark Johnson, Ron Howard"
648,12824-64830,"Don Hahn, Andrew Gunn"
649,58470,Donald De Line
650,108-1390,"Peter Jackson, Jamie Selkirk"
651,15004-21932-42121-57134,"Charles Newirth, Steve Chasman, Glenn Morgan, James Wong"
652,2043-56053,"John Davis, Joseph Singer"
653,56032,Moshe Diamant
654,869-7671,"Gale Anne Hurd, Jeb Stuart"
655,1091-57526,"Joel Silver, Dan Cracchiolo"
656,1296,Bruce Berman
657,8305-21390-40281-61647-65559,"David Nicksay, David Glasser, Andreas Klein, Guy Oseary, Dylan Sellers"
658,8330-36805-1127846-1127847-1127848,"Tom Sternberg, Audrey Wells, Katie DiMento, Jon Goldman, Edoardo Petti"
659,9181-9182-9197-16853,"Edward Zwick, Marshall Herskovitz, Richard Solomon, Jessie Nelson"
660,66897,Christopher DeFaria
661,11874-59920,"Neal H. Moritz, Toby Jaffe"
662,17828-29015-58266,"Michael Barnathan, Robert Simonds, Ben Myron"
663,136-869,"Sam Mercer, Gale Anne Hurd"
664,11477-24052-58206-60026,"Ray Liotta, Diane Nabatoff, Julius R. Nasso, Michelle Grace"
665,4768-5162,"Lynn Harris, Mark Johnson"
666,59,Luc Besson
667,46088-65377,"Mark Canton, Bernie Goldmann"
668,4027,Frank Darabont
669,67994,Julie Ansell
670,27679-78118,"Michael London, Vadim Perelman"
671,42906,Barry Josephson
672,63614-63999,"Robert Shapiro, Jerry Leider"
673,4857-13928-17144-36616-57682,"Marc Turtletaub, Beau St. Clair, David T. Friendly, David Bergstein, Julie Durk"
674,67759,Basil Iwanyk
675,41377-46347,"Martin Shafer, Liz Glotzer"
676,3953-41332-52788-68602,"Gary Lucchesi, Marcus Viscidi, Andre Lamal, Tom Rosenberg"
677,2043-17144-56053,"John Davis, David T. Friendly, Joseph Singer"
678,18350-65559-66531-68773,"Hunt Lowry, Dylan Sellers, Clifford Werber, Ilyssa Goodman"
679,339-5216,"Brian Grazer, Gus Van Sant"
680,284-6048-9987-62045,"Gary Levinsohn, Mark Gordon, Ian Bryce, Art Levinson"
681,17144-52000-66821,"David T. Friendly, Todd Komarnicki, Jon Berg"
682,19658-40383,"Greg Shapiro, Nathan Kahane"
683,2236-2238-11058,"Tim Bevan, Eric Fellner, Lindsay Doran"
684,13918,Elizabeth Hurley
685,33435,Kerry Heysen
686,2888-51612-51613,"Will Smith, Todd Black, Jason Blumenthal"
687,638-57343,"Michael Mann, Kevin Misher"
688,1032-20206-20207,"Martin Scorsese, Mike Medavoy, Arnold Messer"
1022,9543-33624-70788,"Beau Flynn, Tripp Vinson, Charlotte Huggins"
689,11695-18344-21478-31710-54242,"Lucas Foster, Paul Schiff, Ashok Amritraj, David Hoberman, Jim Burke"
690,4507,Gary Barber
691,12922-65558,"Gary Foster, Lee Rich"
692,4037-69156,"Ron Shelton, Lou Pitt"
693,53966,Peter Heller
694,52089-61703,"Nicolas Clermont, Ron Yuan"
695,16398,Sarah Green
696,1108-3984-16935-16938,"Shane Black, Stephanie Austin, Geena Davis, Renny Harlin"
697,19292-20821-55779,"Adam Sandler, Jack Giarraputo, John Schneider"
698,23213,Harold Becker
699,298-35581,"Chris Bender, Marianne Maddalena"
700,69585,Noel Cunningham
701,11874-59328,"Neal H. Moritz, John Pogue"
702,11874-33256,"Neal H. Moritz, Stokely Chaffin"
703,7407-51702-51703,"Bradley Thomas, Brad Krevoy, Steven Stabler"
704,69798,Clark Spencer
705,5664-18344,"Barry Mendel, Paul Schiff"
706,490-16154,"Colin Wilson, Michael Finnell"
707,376-21015-21714,"Arnon Milchan, Janet Yang, Jesse Beaton"
708,707-4610-58148,"Dan Aykroyd, John Landis, Leslie Belzberg"
709,2963-9168,"Nicolas Cage, Alan Parker"
710,53304-53329-70041-1106862,"Peter Lord, David Sproxton, Cecil Kramer, Maryann Garger"
711,16938-28904,"Renny Harlin, Hugh Wilson"
712,27098-71074,"Gary Goetzman, Judy Craymer"
713,57130-57132-57601,"Todd Phillips, Daniel Goldberg, Joe Medjuck"
714,9778-11815-65135,"Ice Cube, Dan Kolsrud, Matt Alvarez"
715,10950-36427-70779,"Erwin Stoff, Jenno Topping, Jason Goldberg"
716,550-551-70738,"Jennifer Todd, Suzanne Todd, Gary David Goldberg"
717,282-29525-37436-71079,"Charles Roven, Andrew Lazar, Alex Gartner, Michael Ewing"
718,10702-70189-1224549,"Martin Campbell, Marcia Nasatir, Robert King"
719,8277-11874,"Arne Schmidt, Neal H. Moritz"
720,46088-65377-70206,"Mark Canton, Bernie Goldmann, Peter Grunwald"
721,1298-8859,"Brad Grey, Bernie Brillstein"
722,2212-8701-22816,"Walter F. Parkes, Laurie MacDonald, Jim Van Wyck"
723,339-1223-1224-1482-31511-40375-44482,"Brian Grazer, Joel Coen, Ethan Coen, John Cameron, Grant Heslov, James Whitaker, Robert Graf"
724,16854-43901,"Paul Brooks, Shawn Williamson"
725,2236-2238-9151-70609,"Tim Bevan, Eric Fellner, Liza Chasin, Mary Richards"
726,488-490-32395,"Steven Spielberg, Colin Wilson, Debbie Allen"
727,21478-53299-53300,"Ashok Amritraj, Howard Baldwin, Karen Elise Baldwin"
728,60268-70454-70651-70652-70655,"Julia Pistor, Albie Hecht, Stephen Hillenburg, Derek Drymon, Gina Shay"
729,36134-58190,"Kia Jam, Thomas M. Hammel"
730,2043-6040-41157-70791,"John Davis, Wyck Godfrey, William Aldrich, Alex Blum"
731,53177,Brian Robbins
732,23393,Barbet Schroeder
733,13596-70955,"David Kirschner, Grace Gilroy"
734,55078,David Zelon
735,15810-15811-15818-71133,"Ron Clements, John Musker, Alice Dewey, Noreen Tobin"
736,1269-41587-71141,"Kevin Costner, Armyan Bernstein, Peter O. Almond"
737,1202-3219-3392,"Steven Reuther, Fred Fuchs, Michael Douglas"
738,46077,Jorge Saralegui
739,11401-11404-71236-71237,"John Woo, Terence Chang, Tracie Graham-Rice, Alison R. Rosenzweig"
740,578-58470,"Ridley Scott, Donald De Line"
741,8277-12989,"Arne Schmidt, Andrew Davis"
742,18691-21479-71418-71421-71422,"Elie Samaha, Andrew Stevens, Demian Lichtenstein, Eric Manes, Richard Spero"
743,9562-35689-35690-56908-57225,"Marlon Wayans, Keenen Ivory Wayans, Shawn Wayans, Rick Alvarez, Lee R. Mayes"
744,550-551-1297-8275-18311-959668-1102209,"Jennifer Todd, Suzanne Todd, Richard D. Zanuck, Katterli Frauenfelder, Joe Roth, Derek Frey, Tom C. Peitzman"
745,4767-12073,"Michael De Luca, Mike Myers"
746,3288-3289-45584-52451-57245-62117,"Chris Weitz, Paul Weitz, Andrew Miano, Kelli Konop, Kerry Kohansky, Nicole Brown"
747,368-4504-4507-4937-21635,"Reese Witherspoon, Roger Birnbaum, Gary Barber, Vince Vaughn, Jonathan Glickman"
748,16729-114479-114480,"Graham King, Tim Headington, Michael Wearing"
749,3026-16853-62055,"Rob Reiner, Jessie Nelson, Alan Zweibel"
750,71730-535878,"Bob Gordon, Bruce Anderson"
751,510-20720-23430-76588-76589-76590-76591,"Tim Burton, Jim Lemley, Timur Bekmambetov, Dana Ginsburg, Mary Clayton, Jinko Gotoh, Marci Levine"
752,5162-8246-8844-15004,"Mark Johnson, Barry Levinson, Lawrence Kasdan, Charles Newirth"
753,339-72025-72026,"Brian Grazer, Michael Jenkinson, Damon Lee"
754,46088-54419-54873-59700-72103-72106,"Mark Canton, Ryan Kavanaugh, Tucker Tooley, Robbie Brenner, Camille Brown, Ken Halsband"
755,57583,Christian Colson
756,5281-35115-1038526,"Spike Lee, Luigi Musini, Roberto Cicutto"
757,10966-10968-65614,"J.K. Rowling, David Heyman, David Barron"
758,65614,David Barron
759,59920-1460574,"Toby Jaffe, Robert Lawrence"
760,1223-1224,"Joel Coen, Ethan Coen"
761,7395-7396-7407-11011-73106,"Bobby Farrelly, Peter Farrelly, Bradley Thomas, Zak Penn, Dennis Edwards"
762,6111-6116-58266,"Mike Figgis, Annie Stewart, Ben Myron"
763,2226-71762,"Sydney Pollack, Marykay Powell"
764,19292-20818-20821,"Adam Sandler, Allen Covert, Jack Giarraputo"
765,15219-21706,"Marc Abraham, Laura Bickford"
766,73832-1639187,"Jessy Terrero, David Rubin"
767,228-16430-18135,"Ed Harris, Robert Knott, Ginger Sledge"
768,24052-56996-60026,"Diane Nabatoff, Christopher Godsick, Michelle Grace"
769,27745-72082-74082-74083,"Robert C. Cooper, Brad Wright, John G. Lenic, Allison Volk"
770,15345-15346-25600,"Alex Kurtzman, Roberto Orci, Patrick Crowley"
771,12028-12031-51979-63989,"John Moore, Peter Veverka, Scott Faye, Julie Yorn"
772,199449-1125866-1125867,"Greg O'Connor, Robert Hopes, Josh Fagin"
773,1093-1993-79242-79243,"Lawrence Gordon, Lloyd Levin, Wesley Coller, Deborah Snyder"
774,865-35475,"Michael Bay, Sean S. Cunningham"
775,190-4746-41551,"Clint Eastwood, Robert Lorenz, Bill Gerber"
776,339-6159-6186-6188-8406-8419-1114890,"Brian Grazer, Ron Howard, Kathleen McGill, Louisa Velis, John Calley, William M. Connor, Anna Culp"
777,15344-28974,"J.J. Abrams, Damon Lindelof"
778,8912-16999,"Antonio Cardenal, Álvaro Augustín"
779,10764-12050-19308-1466502-1589683,"Arnold Kopelson, Anne Kopelson, Linne Radmin, Barry Baeres, Florina Massbaum"
780,36427,Jenno Topping
781,70698-70700,"Mark Ciardi, Gordon Gray"
782,15207-21067-71555-221695-951099-1117322,"L.M. Kit Carson, Polly Platt, Andrew Wilson, Michael Lang, Cynthia Hargrave, Ray Zimmerman"
783,15818,Alice Dewey
784,21146-56644,"Robert F. Newmyer, Brian Reilly"
785,865-54843-54844,"Michael Bay, Andrew Form, Bradley Fuller"
786,8181-11874-12835,"Michael Fottrell, Neal H. Moritz, Vin Diesel"
787,956-1091-37162-63127,"Guy Ritchie, Joel Silver, Susan Downey, Steve Clark-Hall"
788,932-1297-2212-8701,"John Logan, Richard D. Zanuck, Walter F. Parkes, Laurie MacDonald"
789,2888,Will Smith
790,2236-2238-21342,"Tim Bevan, Eric Fellner, Diana Phillips"
791,2145-2146-2147,"Mark Burg, Gregg Hoffman, Oren Koules"
792,10830-13668-20222-129952-955111-1213393,"Toby Emmerich, Sara Risher, A.J. Dix, Sean McNamara, William Shively, David Brookwell"
793,550-551-11814,"Jennifer Todd, Suzanne Todd, Todd Garner"
794,7940,Jonas Rivera
795,511-5430-6048-27952-947478-1102080-1102081,"Larry J. Franco, Harald Kloser, Mark Gordon, Volker Engel, Marc Weigert, Aaron Boyd, Kirstin Winkler"
796,9778,Ice Cube
797,550-551,"Jennifer Todd, Suzanne Todd"
798,339-6159-57328,"Brian Grazer, Ron Howard, Barry W. Blaustein"
799,23880-58206,"Steven Seagal, Julius R. Nasso"
800,16854-47365-72026,"Paul Brooks, Walter Hamada, Damon Lee"
801,2997-16294-27095-1470041,"Scott Rudin, Jonathan Demme, Ilona Herzberg, Tina Sinatra"
802,11772-11814-19292-20821-32895,"Barry Bernardi, Todd Garner, Adam Sandler, Jack Giarraputo, Kevin James"
803,7784-10952-24308,"Bob Ducsay, Lorenzo di Bonaventura, Brian Goldner"
804,42907-1116911,"Christopher Chase, Mary Thorne"
805,869-60268,"Gale Anne Hurd, Julia Pistor"
806,52036-56032,"Jan Fantl, Moshe Diamant"
807,1746321,David Gale
808,19282-65734-114408,"Scott Stuber, Luke Greenfield, Mary Parent"
809,58837,Mark Frost
810,1714354,Cheryl Abood
811,21015-51851-79665-79666,"Janet Yang, Jake Kasdan, Naomi Despres, Lisa Henson"
812,6482,John Singleton
813,4504-4507-15150,"Roger Birnbaum, Gary Barber, Maggie Wilde"
814,5664,Barry Mendel
815,31-6955-27098-52693-110564,"Tom Hanks, Vincent Landay, Gary Goetzman, John B. Carls, Maurice Sendak"
816,2946-21706-38082,"Jennifer Fox, Laura Bickford, Kerry Orent"
817,2545,Lawrence Bender
818,7628-11359,"Grant Curtis, Robert Tapert"
819,2236-2238-39922-54250-463806,"Tim Bevan, Eric Fellner, Andrew Hauptman, Kwame Parker, Eric Hayes"
820,20739-20742,"Adam Shankman, Jennifer Gibgot"
821,1899352,Ann Carli
822,12922-81696,"Gary Foster, Russ Krasnoff"
823,108-488-489-3506-1102139,"Peter Jackson, Steven Spielberg, Kathleen Kennedy, Carolynne Cunningham, Jason D. McGatlin"
824,1524-3184-41039-84418-84419-84420,"Harold Ramis, Clayton Townsend, Judd Apatow, Nicholas Weinstock, Laurel A. Ward, Andrew Epstein"
825,1586,Adam Fields
826,380-3305,"Robert De Niro, Jane Rosenthal"
827,18923-18924-78887,"Miles Millar, Alfred Gough, Billy Ray Cyrus"
828,61397-80175-92342-944363-944364-1125156-1125157-1125158,"Jimmy Miller, Jessica Elbaum, Michele Panelli-Venetis, Sid Krofft, Marty Krofft, John Swallow, Joshua Church, Will Weiske"
829,31710-62758,"David Hoberman, Todd Lieberman"
830,38939-51612-51613,"Richard Baratta, Todd Black, Jason Blumenthal"
831,380639,Stan Rogow
832,14753-57130-57132-957353,"David Siegel, Todd Phillips, Daniel Goldberg, Jeffrey Wetzel"
833,67759-75804-114017,"Basil Iwanyk, Kevin De La Noy, Karl McMillan"
834,65410,Dalisa Cohen
835,2236-2238-17802-976763-1017450,"Tim Bevan, Eric Fellner, Ronaldo Vasconcellos, Hilary Bevan Jones, Emma Freud"
836,31710-62758-1005814,"David Hoberman, Todd Lieberman, Max Handelman"
837,43899-52443-52446-52448,"Brad Van Arragon, Jason Reitman, Mason Novick, Daniel Dubiecki"
838,85444-85445-85446,"Mukesh Talreja, Rohan Sippy, Ramesh Sippy"
839,9021-17016,"Stephen Woolley, Neil Jordan"
840,5720-65674-1011957,"Christopher Meledandri, Janet Healy, John Cohen"
841,12859-20908-39387,"Steven Lisberger, Jeffrey Silver, Sean Bailey"
842,5575-29525-65822-1123420-1123421-1123422,"Akiva Goldsman, Andrew Lazar, Richard Middleton, Joshua Levinson, Margot Lulick, Miri Yoon"
843,10570-21983-52989,"Joseph M. Caracciolo Jr., Allison Lyon Segan, John Penotti"
844,339-578-934,"Brian Grazer, Ridley Scott, Russell Crowe"
845,20908-21146-35178-53176-62739-86907,"Jeffrey Silver, Robert F. Newmyer, Scott Strauss, John Gatins, Herb Gains, Susan E. Novick"
846,1394533,Stephen Chin
847,3184-5664-41039-184582-1085179,"Clayton Townsend, Barry Mendel, Judd Apatow, Brendan O'Brien, Andrew J. Cohen"
848,1202-3953-67390-68602-1493074,"Steven Reuther, Gary Lucchesi, Deborah Jelin Newmyer, Tom Rosenberg, Kimberly di Bonaventura"
849,1548000,Karolyn Ali
850,1617-1994-5952,"James Schamus, Robert F. Colesberry, Ted Hope"
851,1091-37162-979152,"Joel Silver, Susan Downey, David Gambino"
852,42272-65857-1118709,"Chris Juen, Pam Marsden, Lydia Bottegoni"
853,16854-40223-62372,"Paul Brooks, Joe Carnahan, Terry Robbins"
854,1091-8528-9339-9340,"Joel Silver, Grant Hill, Lilly Wachowski, Lana Wachowski"
855,2997-17698,"Scott Rudin, Nancy Meyers"
856,8858-52443-52448-949132,"Ivan Reitman, Jason Reitman, Daniel Dubiecki, Jeffrey Clifford"
857,190-4611-4746-24205,"Clint Eastwood, Mace Neufeld, Robert Lorenz, Lori McCreary"
1023,10952-24308,"Lorenzo di Bonaventura, Brian Goldner"
858,1993-2236-2238-25598-29405-57201-59679-59681,"Lloyd Levin, Tim Bevan, Eric Fellner, Paul Greengrass, Christopher Rouse, Mairi Bett, Michael Bronner, Kate Solomon"
859,282-37436,"Charles Roven, Alex Gartner"
860,3036-57431-68389,"John Cusack, Matt Moore, Grace Loh"
861,2162-17835-112690-1551348,"Lynda Obst, Ricky Gervais, Dan Lin, Oliver Obst"
862,16729-67759,"Graham King, Basil Iwanyk"
863,15217-79243,"Zack Snyder, Deborah Snyder"
864,2294-5911-34340,"Robert Rodriguez, Elizabeth Avellan, Rick Schwartz"
865,11222-17828,"Mark Radcliffe, Michael Barnathan"
866,18277-57634-66513,"Sandra Bullock, Mary McLaglen, Jeffrey Harlacker"
867,17630-23485-113987,"Michael Tadross, Marc Platt, Polly Johnsen"
868,4584-57583-1091462-1102066,"Robert Jones, Christian Colson, Ivana Mackinnon, Diarmuid McKeown"
869,6468-20458-974609-1279374,"Nick Wechsler, Dede Gardner, Kristin Hahn, Sara Moe"
870,41377-46347-114308-114309,"Martin Shafer, Liz Glotzer, Melissa Wells, Sara Woodhatch"
871,2556-9248-10685-18524-1123817,"Amy Robinson, Nora Ephron, Laurence Mark, Eric Steel, J.J. Sacha"
872,2710-592012-1234266-1331173-1395269,"James Cameron, Chuck Comisky, Janace Tashjian, John Bruno, John Bruno"
873,3805,Jon Peters
874,19282-62539-1050643,"Scott Stuber, Mike Thompson, Alexa Faigen"
875,8858-57601-949132,"Ivan Reitman, Joe Medjuck, Jeffrey Clifford"
876,20835-60865,"Maggie Renzi, R. Paul Miller"
877,525-556,"Christopher Nolan, Emma Thomas"
878,10952-42908,"Lorenzo di Bonaventura, Sunil Perkash"
879,23659-25600-55710-61397,"Will Ferrell, Patrick Crowley, Adam McKay, Jimmy Miller"
880,5162-11887,"Mark Johnson, Brad Silberling"
881,19282-114408,"Scott Stuber, Mary Parent"
882,10569-10965-11222-17828,"Karen Rosenfelt, Chris Columbus, Mark Radcliffe, Michael Barnathan"
883,41039-56759-59918-1123058,"Judd Apatow, David L. Bushell, Rodney Rothman, Phil Eisen"
884,62159-66174,"Mike Karz, Wayne Allan Rice"
885,32608-935634,"Brad Simpson, Nina Jacobson"
886,70592,Deborah Schindler
887,61107-61397,"David B. Householter, Jimmy Miller"
888,2993-3718,"Martin Ransohoff, David Valdes"
889,578-893-8374-11014-39515-110019-113665-114893,"Ridley Scott, Tony Scott, Iain Smith, Ross Fanger, Jules Daly, Stephen J. Cannell, Alex Young, Spike Seldin"
890,2043-2294-5911,"John Davis, Robert Rodriguez, Elizabeth Avellan"
891,17825-75362-113666,"Shawn Levy, Tom McNulty, Billy Rosenberg"
892,10810-10814-10829,"Peter Frankfurt, Wesley Snipes, Patrick J. Palmer"
893,10666-69678,"Barbara Broccoli, Michael G. Wilson"
894,10809-10810-10814,"Robert Engelman, Peter Frankfurt, Wesley Snipes"
895,3893-4768-10810-10814,"David S. Goyer, Lynn Harris, Peter Frankfurt, Wesley Snipes"
896,2095-7200,"Ralph Winter, Lauren Shuler Donner"
897,2095-7200-7626,"Ralph Winter, Lauren Shuler Donner, Avi Arad"
898,2997-8685-11302-11303,"Scott Rudin, Andrew Niccol, Edward S. Feldman, Adam Schroeder"
899,488-15344-28977,"Steven Spielberg, J.J. Abrams, Bryan Burk"
900,4504-4507-16729-21635-114479-1381649,"Roger Birnbaum, Gary Barber, Graham King, Jonathan Glickman, Tim Headington, Adam Rosenberg"
901,520-47915-58366,"Sarah Jessica Parker, Darren Star, John P. Melfi"
902,2997-4767-7475-54417,"Scott Rudin, Michael De Luca, Ceán Chaffin, Dana Brunetti"
903,409-3227-11814,"Cathy Konrad, Steve Pink, Todd Garner"
904,1417-40454,"Toshio Suzuki, Tomohiko Ishii"
905,1921-6627-23420-58321-946092-1004171-1124485,"George Nolfi, Chris Moore, Bill Carraro, Eric Kripke, Michael Hackett, Joel Viertel, Michael Bederman"
906,60929-574003,"Lara Breay, Denise Nolan Cascino"
907,20739-20742-29206,"Adam Shankman, Jennifer Gibgot, Garrett Grant"
908,20458,Dede Gardner
909,7398-58375-74729-945213,"John J. Strauss, Andy Fickman, Betsy Sullenger, Eric Tannenbaum"
910,19282,Scott Stuber
911,3183-9987-10118-10952-10994,"Don Murphy, Ian Bryce, Kenny Bates, Lorenzo di Bonaventura, Tom DeSanto"
912,1888-2888-9575-11796-46080,"Jerry Weintraub, Will Smith, Jada Pinkett Smith, Ken Stovitz, James Lassiter"
913,56612,Roy Conli
914,3183-17825-34970,"Don Murphy, Shawn Levy, Susan Montford"
915,380-3305-6737-17871,"Robert De Niro, Jane Rosenthal, Jay Roach, John Hamburg"
916,5381-5382-119665,"Michael Shamberg, Stacey Sher, Gregory Jacobs"
917,29525-113987,"Andrew Lazar, Polly Johnsen"
918,55163-57680,"Aaron Meyerson, Dale Pollock"
919,970284,Zareh Nalbandian
920,84348-90591,"Jason Blum, Oren Peli"
921,58408,Jordan Kerner
922,57130-57132,"Todd Phillips, Daniel Goldberg"
923,6037-6038-128636-496733-1127471-1127472,"Colin Strause, Greg Strause, Liam O'Donnell, Liz Dean, Kristian James Andresen, Paul Barry"
924,3388-10685-16731-67994,"James L. Brooks, Laurence Mark, Paula Weinstein, Julie Ansell"
925,8858-1425616,"Ivan Reitman, Amy Pascal"
926,5140-60187-1312509,"Wes Craven, Anthony Katagas, Iya Labunka"
927,136-11614-958493-1121600,"Sam Mercer, M. Night Shyamalan, John Rusk, Ashwin Rajan"
928,893-2445-13920-63989-113665,"Tony Scott, Eric McLeod, Mimi Rogers, Julie Yorn, Alex Young"
929,2034-57583-68542-965155-1102067,"Danny Boyle, Christian Colson, John Smithson, Tom Heller, Gareth Smith"
930,7531-20206-20207-57049-1116091-1116092-1116093,"Joseph P. Reidy, Mike Medavoy, Arnold Messer, Brian Oliver, Scott Franklin, Jerry Fruchtman, Rose Garnett"
931,1223-1224-2997,"Joel Coen, Ethan Coen, Scott Rudin"
932,339-4937-6159,"Brian Grazer, Vince Vaughn, Ron Howard"
933,85-1032-16729-114479,"Johnny Depp, Martin Scorsese, Graham King, Tim Headington"
934,6870-19282-24308-36602-50769-937231,"Duncan Henderson, Scott Stuber, Brian Goldner, Peter Berg, Sarah Aubrey, Bennett Schneir"
935,1704-16729-52693,"Gore Verbinski, Graham King, John B. Carls"
936,58470-88967-211962,"Donald De Line, Greg Berlanti, Geoff Johns"
937,11874-40592-234940,"Neal H. Moritz, Jeffrey Chernov, Ori Marmur"
938,53394,Steve Bing
939,13240-31710-54419-62758-67682-86525,"Mark Wahlberg, David Hoberman, Ryan Kavanaugh, Todd Lieberman, Dorothy Aufiero, Paul Tamasy"
940,12995-59700-1053661-1053663-1053664-1125216-1125217,"Marc Forster, Robbie Brenner, Craig Chapman, Deborah Giarratana, Gary Safady, Douglas Saylor Jr., Jillian Kugler"
941,865-11095-1123330,"Michael Bay, James M. Freitag, Emily Berger"
942,4700-1383404,"James G. Robinson, Peter Bakalian"
943,380,Robert De Niro
944,339-5216-6159-18997,"Brian Grazer, Gus Van Sant, Ron Howard, Bryce Dallas Howard"
945,5430-6046-8676,"Harald Kloser, Roland Emmerich, Dean Devlin"
946,6040-113665,"Wyck Godfrey, Alex Young"
947,140264-1317649,"Andrew Wight, Michael Finley"
948,298-17630-56932,"Chris Bender, Michael Tadross, Kevin McCormick"
949,970529,Denise Ream
950,4767,Michael De Luca
951,282-525-556,"Charles Roven, Christopher Nolan, Emma Thomas"
952,664-25600,"Frank Marshall, Patrick Crowley"
953,10968-11218,"David Heyman, Alfonso Cuarón"
954,108-126-3506-53393,"Peter Jackson, Fran Walsh, Carolynne Cunningham, Zane Weiner"
955,946051,Melissa Cobb
956,12067-138616,"Jane Hartwell, Kristine Belson"
957,11874-42994,"Neal H. Moritz, David Dobkin"
958,282-525-556-79243,"Charles Roven, Christopher Nolan, Emma Thomas, Deborah Snyder"
959,8181-11874-40832,"Michael Fottrell, Neal H. Moritz, Mike Richardson"
960,490-72752-72753,"Colin Wilson, Jim Morris, Lindsey Collins"
961,7200-9032-11092-120606,"Lauren Shuler Donner, Bryan Singer, Simon Kinberg, Gregory Goodman"
962,6193-63989-1128184,"Leonardo DiCaprio, Julie Yorn, Jennifer Killoran"
963,339-6159-15345-28974,"Brian Grazer, Ron Howard, Alex Kurtzman, Damon Lindelof"
964,16390,Donald W. Ernst
965,10965-17828-1008413,"Chris Columbus, Michael Barnathan, Brunson Green"
966,19292-20821-62637,"Adam Sandler, Jack Giarraputo, Heather Parry"
967,1899-4495,"Denise Di Novi, Steve Carell"
968,22214-41039,"David Wain, Judd Apatow"
969,40375-54419-1830503,"James Whitaker, Ryan Kavanaugh, Sarah Bowen"
970,11091-41896,"Brett Ratner, Jay Stern"
971,1886-970765,"Ted Griffin, Justin Springer"
972,1586-9184-11708-54419,"Adam Fields, Scott Kroopf, Leslie Dixon, Ryan Kavanaugh"
973,11420-15217-46088-54211-65377-79243,"Gianni Nunnari, Zack Snyder, Mark Canton, Thomas Tull, Bernie Goldmann, Deborah Snyder"
974,15344-15345-15346-28974-28977,"J.J. Abrams, Alex Kurtzman, Roberto Orci, Damon Lindelof, Bryan Burk"
975,19658,Greg Shapiro
976,3184-5664-41039,"Clayton Townsend, Barry Mendel, Judd Apatow"
977,10950-25455-29404,"Erwin Stoff, Gil Netter, Andrew R. Tennenbaum"
978,500-15344-28977,"Tom Cruise, J.J. Abrams, Bryan Burk"
979,52443-52444-52445-52446-52897,"Jason Reitman, Diablo Cody, Lianne Halfon, Mason Novick, Russell Smith"
980,67759-113987,"Basil Iwanyk, Polly Johnsen"
981,770-1704,"Jerry Bruckheimer, Gore Verbinski"
982,488-489,"Steven Spielberg, Kathleen Kennedy"
983,4767-71237,"Michael De Luca, Alison R. Rosenzweig"
984,1091-37162-41289-112690,"Joel Silver, Susan Downey, Lionel Wigram, Dan Lin"
985,136-18311,"Sam Mercer, Joe Roth"
986,339-776-5284,"Brian Grazer, Eddie Murphy, Kim Roth"
987,287-957-61578-189613-967950-1116284,"Brad Pitt, Matthew Vaughn, Adam Bohling, David Reid, Tarquin Pack, Leonie Mansfield"
988,376-1899-2227-66963,"Arnon Milchan, Denise Di Novi, Nicole Kidman, Alison Greenspan"
989,2888-11092-29015-46080,"Will Smith, Simon Kinberg, Robert Simonds, James Lassiter"
990,966188-1545917,"Sarah Siegel-Magness, Gary Magness"
991,23659-55710-76927-231825,"Will Ferrell, Adam McKay, Tommy Wirkola, Kevin Messick"
992,287-4767-31270,"Brad Pitt, Michael De Luca, Rachael Horovitz"
993,15219-15220,"Marc Abraham, Eric Newman"
994,67802-67803-266920-935717,"Rick Jaffa, Amanda Silver, Peter Chernin, Dylan Clark"
995,7901,Katherine Sarafian
996,7880,Kori Rae
997,85-1297-16729-938107-938108,"Johnny Depp, Richard D. Zanuck, Graham King, Christi Dembrowski, David Kennedy"
998,11091-54419-65377-72106-77288-166278-1125540,"Brett Ratner, Ryan Kavanaugh, Bernie Goldmann, Ken Halsband, Nico Soultanakis, Andy Berman, Ajit Singh"
999,11874-59920-1123797,"Neal H. Moritz, Toby Jaffe, Paula Kucharski"
1000,6201-6203-12202-19862,"Baz Luhrmann, Catherine Martin, Catherine Knapman, Lucy Fisher"
1001,11874-110019,"Neal H. Moritz, Stephen J. Cannell"
1002,13426-16837-41551-71079-1123424,"Peter Segal, Mark Steven Johnson, Bill Gerber, Michael Ewing, Ravi D. Mehta"
1003,4948-13235-45838-54242-1123796,"Jim Taylor, Alexander Payne, George Parra, Jim Burke, Tracy Boyd"
1004,2997-7475-1002917-1240514,"Scott Rudin, Ceán Chaffin, Soren Staermose, Ole Søndberg"
1005,11651-20629-58140,"Doug Mitchell, George Miller, Bill Miller"
1006,111048,Dante Di Loreto
1007,5382-68215-1003189,"Stacey Sher, Reginald Hudlin, Pilar Savone"
1008,10828-54211-61091-114408,"Guillermo del Toro, Thomas Tull, Jon Jashni, Mary Parent"
1009,18311,Joe Roth
1010,880-1461-31511,"Ben Affleck, George Clooney, Grant Heslov"
1011,282-465-37436-54211-61091,"Charles Roven, Tessa Ross, Alex Gartner, Thomas Tull, Jon Jashni"
1012,41289-54211-67759,"Lionel Wigram, Thomas Tull, Basil Iwanyk"
1013,72106-119665,"Ken Halsband, Gregory Jacobs"
1014,554-60471-60472,"Aaron Ryder, Marc D. Evans, Trevor Macy"
1015,578-915-1723,"Ridley Scott, David Giler, Walter Hill"
1016,4767-7626-16838-21478-937174,"Michael De Luca, Avi Arad, Steven Paul, Ashok Amritraj, Ari Arad"
1017,52139-570788-570789,"Seth MacFarlane, John Jacobs, Jason Clark"
1018,287-9987-20458-967387,"Brad Pitt, Ian Bryce, Dede Gardner, Jeremy Kleiner"
1019,510-20720-23430,"Tim Burton, Jim Lemley, Timur Bekmambetov"
1020,2963-4275-18956-53177-53180-993236,"Nicolas Cage, Alain Chabat, Norman Golightly, Brian Robbins, Sharla Sumpter, Stephanie Danan"
1021,19801-1219884,"Rick McCallum, Chas. Floyd Johnson"
1024,84348-90591-995456,"Jason Blum, Oren Peli, Steven Schneider"
1025,5720-570211,"Christopher Meledandri, Janet Healey"
1026,323-10569-22302,"Curtis Hanson, Karen Rosenfelt, Stuart Cornfeld"
1027,31143,Mike Lobell
1028,6870-73772-86270-266920-935717,"Duncan Henderson, Barry Levine, Joseph Kosinski, Peter Chernin, Dylan Clark"
1029,90429-293911,"Mike McCoy, Scott Waugh"
1030,284-500-9183-29018-56737-58433,"Gary Levinsohn, Tom Cruise, Paula Wagner, Dana Goldberg, Don Granger, David Ellison"
1031,6968-7200-584598,"Hugh Jackman, Lauren Shuler Donner, Hutch Parker"
1032,10569-10965-17828,"Karen Rosenfelt, Chris Columbus, Michael Barnathan"
1033,10850-11181,"Kevin Feige, Kenneth Branagh"
1034,11651-20629-1518756,"Doug Mitchell, George Miller, P.J. Voeten"
1035,52700,Michelle Murdocca
1036,2997-6730-6731,"Scott Rudin, Sacha Baron Cohen, Anthony Hines"
1037,2043-11303,"John Davis, Adam Schroeder"
1038,8528-9339-9340,"Grant Hill, Lilly Wachowski, Lana Wachowski"
1039,2236-2238-13240-67813-183044,"Tim Bevan, Eric Fellner, Mark Wahlberg, Baltasar Kormákur, Stephen Levinson"
1040,11652,Lisa Stewart
1041,587802,Alex Heineman
1042,17825,Shawn Levy
1043,51909-56671,"Mark Swift, Mireille Soria"
1044,2219-20739-20742-29206-1001673-1001674,"Tobey Maguire, Adam Shankman, Jennifer Gibgot, Garrett Grant, Scott Prisand, Matt Weaver"
1045,9032-11874-42994-57465,"Bryan Singer, Neal H. Moritz, David Dobkin, Patrick McCormick"
1046,35666-1056758,"Christina Steinberg, Nancy Bernstein"
1047,554-7227-51030,"Aaron Ryder, Hal Lieberman, Peter Block"
1048,20295-53757-928143,"Moritz Borman, Eric Kopeloff, Evan Bates"
1049,168798-168812,"Josh Schwartz, Stephanie Savage"
1050,17630-56932-112690-928546,"Michael Tadross, Kevin McCormick, Dan Lin, Jon Silk"
1051,52160-54734-56158-928595,"John Goldwyn, Evan Goldberg, Lorne Michaels, James Weaver"
1052,2236-2238-231713,"Tim Bevan, Eric Fellner, Cameron Mackintosh"
1053,51612-52451-53758-928631-928632,"Todd Black, Kelli Konop, Guymon Casady, Chris Coggins, Lance Johnson"
1054,2888-9575-46080-74574,"Will Smith, Jada Pinkett Smith, James Lassiter, Caleeb Pinkett"
1055,3184-11874-12835,"Clayton Townsend, Neal H. Moritz, Vin Diesel"
1056,376-6431-114408-1116091,"Arnon Milchan, Darren Aronofsky, Mary Parent, Scott Franklin"
1057,29018-58433,"Dana Goldberg, David Ellison"
1058,24-30-2212-8701-23779,"Robert Zemeckis, Steve Starkey, Walter F. Parkes, Laurie MacDonald, Jack Rapke"
1059,7396-7408-52989-54419-1272994-1272995-1272996,"Peter Farrelly, Charles B. Wessler, John Penotti, Ryan Kavanaugh, Jonathan van Tulleken, Jason Taragan, Jenny Serneholt"
1060,25455-42736,"Gil Netter, David Womark"
1061,266920-935717,"Peter Chernin, Dylan Clark"
1062,9543,Beau Flynn
1063,5720,Christopher Meledandri
1064,4504-4507-15219-15220,"Roger Birnbaum, Gary Barber, Marc Abraham, Eric Newman"
1065,14392-51686-1027025,"Kathryn Bigelow, Mark Boal, Megan Ellison"
1066,135-3184,"Bobby Cohen, Clayton Townsend"
1067,865-19501-54843-54844-60245,"Michael Bay, Galen Walker, Andrew Form, Bradley Fuller, Scott Mednick"
1068,7395-7396-7407-7408-1027545-1027550,"Bobby Farrelly, Peter Farrelly, Bradley Thomas, Charles B. Wessler, Riza Aziz, Joey McFarland"
1069,7626-977941,"Avi Arad, Matt Tolmach"
1070,7879-970529,"John Lasseter, Denise Ream"
1071,1032-6193-45648-1027545-1027550,"Martin Scorsese, Leonardo DiCaprio, Emma Tillinger Koskoff, Riza Aziz, Joey McFarland"
1072,31710-54419-62758-955114,"David Hoberman, Ryan Kavanaugh, Todd Lieberman, Hugo Shong"
1073,578-6468-566958-566962,"Ridley Scott, Nick Wechsler, Paula Mae Schwartz, Steve Schwartz"
1074,54211,Thomas Tull
1075,19274-54734-928595,"Seth Rogen, Evan Goldberg, James Weaver"
1076,2997-4767-54417,"Scott Rudin, Michael De Luca, Dana Brunetti"
1077,65857-970590,"Pam Marsden, Kirk Bodyfelt"
1078,3718-10950-47285-47286-47287,"David Valdes, Erwin Stoff, Broderick Johnson, Andrew A. Kosove, Molly Smith"
1079,6040-25046-54419,"Wyck Godfrey, Marty Bowen, Ryan Kavanaugh"
1080,6223-37335-75040-1209168,"Deepak Nayar, Scott Lambert, Alexandra Milchan, William D. Johnson"
1081,4937-17825,"Vince Vaughn, Shawn Levy"
1082,7399-22302-52160-65043,"Ben Stiller, Stuart Cornfeld, John Goldwyn, Samuel Goldwyn Jr."
1083,511-5430-6046-20204-20208-20294,"Larry J. Franco, Harald Kloser, Roland Emmerich, James Vanderbilt, Brad Fischer, Laeta Kalogridis"
1084,2997-5655-1004835-1004836,"Scott Rudin, Wes Anderson, Jeremy Dawson, Steven M. Rales"
1085,298-4495-62241-207213,"Chris Bender, Steve Carell, Jake Weiner, Tyler Mitchell"
1086,21036-54211-61091-112690-114408-574042,"Roy Lee, Thomas Tull, Jon Jashni, Dan Lin, Mary Parent, Brian Rogers"
1087,72753,Lindsey Collins
1088,7200-9032-11092-584598,"Lauren Shuler Donner, Bryan Singer, Simon Kinberg, Hutch Parker"
1089,44138-1094761,"J. Miles Dale, Barbara Muschietti"
1090,57343,Kevin Misher
1091,865-9987-58470,"Michael Bay, Ian Bryce, Donald De Line"
1092,36427-266920,"Jenno Topping, Peter Chernin"
1093,34882-53176-1147602,"Mark Sourian, John Gatins, Patrick O’Brien"
1094,70655,Gina Shay
1095,4611-10952-24309-65614-1106750-1106752,"Mace Neufeld, Lorenzo di Bonaventura, Mark Vahradian, David Barron, Alexander Dostal, David Ready"
1096,21036-112690,"Roy Lee, Dan Lin"
1097,8702-10950-20908-53756-119665,"Jason Hoffs, Erwin Stoff, Jeffrey Silver, Tom Lassally, Gregory Jacobs"
1098,5575-17630-23485,"Akiva Goldsman, Michael Tadross, Marc Platt"
1099,298-21933-54871-54873-1267023,"Chris Bender, Happy Walters, Vincent Newman, Tucker Tooley, Edward Pelle"
1100,18330-52259-1079169,"Rob Cowan, Peter Safran, Tony DeRosa-Grund"
1101,5541-37756-1113484,"Philip Steuer, Alison Owen, Ian Collie"
1102,61932,André Rouleau
1103,1417-78338-78340-78343,"Toshio Suzuki, Naoya Fujimaki, Ryoichi Fukuyama, Seiji Okuda"
1104,11092-65614-1112036,"Simon Kinberg, David Barron, Tim Lewis"
1105,1142751,Traci Balthazor
1106,59700-1287613,"Robbie Brenner, Rachel Winter"
1107,5953-6955-1027025,"Spike Jonze, Vincent Landay, Megan Ellison"
1108,232666-1133329,"Arturo Paglia, Isabella Cocuzza"
1109,1461-31511,"George Clooney, Grant Heslov"
1110,1011957,John Cohen
1111,29-4611-5292-22814-43922-51612-51613-1398017-1398018,"Steve Tisch, Mace Neufeld, Denzel Washington, Richard Wenk, Michael Sloan, Todd Black, Jason Blumenthal, Tony Eldridge, Alex Siskin"
1112,525-556-2162,"Christopher Nolan, Emma Thomas, Lynda Obst"
1113,60471-60472,"Marc D. Evans, Trevor Macy"
1114,865-54843-54844-84348-1186277,"Michael Bay, Andrew Form, Bradley Fuller, Jason Blum, Sebastien Lemercier"
1115,7087-28974-40592,"Brad Bird, Damon Lindelof, Jeffrey Chernov"
1116,53684,Robert Smigel
1117,322-41331,"Steve Golin, Michael Sugar"
1118,578-893-6193-40374-54419-1128184,"Ridley Scott, Tony Scott, Leonardo DiCaprio, Michael Costigan, Ryan Kavanaugh, Jennifer Killoran"
1119,957-4017-11092-120606-584598,"Matthew Vaughn, Robert Kulzer, Simon Kinberg, Gregory Goodman, Hutch Parker"
1120,8181-11874-12835-75826,"Michael Fottrell, Neal H. Moritz, Vin Diesel, Brandon Birtell"
1121,9778-11957-31121-65135,"Ice Cube, Larry Brezner, William Packer, Matt Alvarez"
1122,282-6624-18953-1027025,"Charles Roven, Jonathan Gordon, Richard Suckle, Megan Ellison"
1123,1224425-1224447-1327239,"Rob Thomas, Dan Etheridge, Danielle Stokdyk"
1124,500-15344-28977-56737-58433,"Tom Cruise, J.J. Abrams, Bryan Burk, Don Granger, David Ellison"
1125,10965-11222-17825,"Chris Columbus, Mark Radcliffe, Shawn Levy"
1126,9543-11091-73772,"Beau Flynn, Brett Ratner, Barry Levine"
1127,11874-21007-38673,"Neal H. Moritz, Jonah Hill, Channing Tatum"
1128,13240-183044-183055,"Mark Wahlberg, Stephen Levinson, Rob Weiss"
1129,15344-15346-28977-58189,"J.J. Abrams, Roberto Orci, Bryan Burk, Justin Lin"
1130,190,Clint Eastwood
1131,59-50950-54419-56228-95322,"Luc Besson, Virginie Besson-Silla, Ryan Kavanaugh, Marc Libert, Adi Hasak"
1132,63989,Julie Yorn
1133,5575-13240-14895-17211-50769-96357-183044-1725574,"Akiva Goldsman, Mark Wahlberg, Barry Spikings, Randall Emmett, Sarah Aubrey, Norton Herrick, Stephen Levinson, Vitaly Grigoriants"
1134,11092-65734-1320090,"Simon Kinberg, Luke Greenfield, Aditya Sood"
1135,223-376-4701-1095253,"Alejandro González Iñárritu, Arnon Milchan, James W. Skotchdopole, John Lesher"
1136,2888-9575-46080-74574-84932-1889729,"Will Smith, Jada Pinkett Smith, James Lassiter, Caleeb Pinkett, Jay-Z, Tyran Smith"
1137,11092-82194,"Simon Kinberg, Neill Blomkamp"
1138,6040-25046-1231882-1257754-1328142,"Wyck Godfrey, Marty Bowen, Lindsay Williams, Ellen Goldsmith-Vein, Lee Stollman"
1139,10828-19770-54211-61091,"Guillermo del Toro, Callum Greene, Thomas Tull, Jon Jashni"
1140,638-54211-61091,"Michael Mann, Thomas Tull, Jon Jashni"
1141,956-2043-41289-63127,"Guy Ritchie, John Davis, Lionel Wigram, Steve Clark-Hall"
1142,37162-42994-979152,"Susan Downey, David Dobkin, David Gambino"
1143,339-6159-16731-18311-1395340,"Brian Grazer, Ron Howard, Paula Weinstein, Joe Roth, Will Ward"
1144,957-61578-189613,"Matthew Vaughn, Adam Bohling, David Reid"
1145,5953-9656-56578-61432,"Spike Jonze, Johnny Knoxville, Jeff Tremaine, Derek Freda"
1146,1760461-1760463,"Gleb Fetisov, Oleg Teterin"
1147,282-79243,"Charles Roven, Deborah Snyder"
1148,190-4746-16729,"Clint Eastwood, Robert Lorenz, Graham King"
1149,368-376-7475-11708-52993-71262,"Reese Witherspoon, Arnon Milchan, Ceán Chaffin, Leslie Dixon, Bruna Papandrea, Joshua Donen"
1150,5720-65674,"Christopher Meledandri, Janet Healy"
1151,19282-52139-570788-1089071,"Scott Stuber, Seth MacFarlane, John Jacobs, Jason Clark"
1152,11814,Todd Garner
1153,17825-79666-1188380,"Shawn Levy, Lisa Henson, Daniel S. Levine"
1154,60729,Ferrell Barron
1155,6040-25046,"Wyck Godfrey, Marty Bowen"
1156,12080-19274-54734-1027025,"Conrad Vernon, Seth Rogen, Evan Goldberg, Megan Ellison"
1157,10876-17633-23485-1255687,"Callum McDougall, Rob Marshall, Marc Platt, John DeLuca"
1158,23659-55536-55710,"Will Ferrell, Melissa McCarthy, Adam McKay"
1159,5378-19282-168798-168812,"Pamela Abdy, Scott Stuber, Josh Schwartz, Stephanie Savage"
1160,3184-10950-11701-1143709,"Clayton Townsend, Erwin Stoff, Angelina Jolie, Matthew Barr"
1161,19769-72102-1015921-1095253,"David Ayer, Bill Block, Ethan Smith, John Lesher"
1162,56671-58421-1295761,"Mireille Soria, Christopher Jenkins, Suzanne Buirgy"
1163,114408-1395351-1395352,"Mary Parent, Nan Morales, Craig Sost"
1164,488-13309,"Steven Spielberg, Oprah Winfrey"
1165,10828-1835270,"Guillermo del Toro, Brad Booker"
1166,19292-20821-62159,"Adam Sandler, Jack Giarraputo, Mike Karz"
1167,36427-116805-266920-1500696,"Jenno Topping, Paul Feig, Peter Chernin, Jessie Henderson"
1168,16731-17825-1257706,"Paula Weinstein, Shawn Levy, Jeffrey Levine"
1169,50950,Virginie Besson-Silla
1170,16866-28635-52004-84348,"Jennifer Lopez, John Jacobs, Elaine Goldsmith-Thomas, Jason Blum"
1171,510-550-551-18311,"Tim Burton, Jennifer Todd, Suzanne Todd, Joe Roth"
1172,53638-54419-71943-1490113,"Stephanie Allain, Ryan Kavanaugh, Reggie Rock Bythewood, Amar'e Stoudemire"
1173,865-54843-54844-84348-937231,"Michael Bay, Andrew Form, Bradley Fuller, Jason Blum, Bennett Schneir"
1174,7623-11359-21036-40383,"Sam Raimi, Robert Tapert, Roy Lee, Nathan Kahane"
1175,57822,Andrew Panay
1176,16398-999763,"Sarah Green, Brian Kavanaugh-Jones"
1177,11266-40644-40684-52605-67759-1281371,"James McTeigue, Chad Stahelski, David Leitch, Eva Longoria, Basil Iwanyk, Mike Witherill"
1178,7200-11092,"Lauren Shuler Donner, Simon Kinberg"
1179,7681-18185-18187-113665,"Charles Gordon, Skip Woods, Adrian Askarieh, Alex Young"
1180,66963,Alison Greenspan
1181,2127-52259,"James Wan, Peter Safran"
1182,1266-2236-2238-57049-67813-158401-1017234,"Nicky Kentish Barnes, Tim Bevan, Eric Fellner, Brian Oliver, Baltasar Kormákur, Tyler Thompson, Evan Hayes"
1183,9281-16854-1005814,"Elizabeth Banks, Paul Brooks, Max Handelman"
1184,94453,Sriram Das
1185,54211-61091-142520-964093,"Thomas Tull, Jon Jashni, Drew Dowdle, Patrick Aiello"
1186,11814-19292-20821-32895,"Todd Garner, Adam Sandler, Jack Giarraputo, Kevin James"
1187,23659-55710,"Will Ferrell, Adam McKay"
1188,17698-1123348,"Nancy Meyers, Suzanne McNeill Farwell"
1189,10965-11222-17828-19292-20818,"Chris Columbus, Mark Radcliffe, Michael Barnathan, Adam Sandler, Allen Covert"
1190,59998-84348-1525141-1616431,"Greg McLean, Jason Blum, Matthew Kaplan, Bianca Martino"
1191,11874-23421,"Neal H. Moritz, Deborah Forte"
1192,10966-10967-10968-41289,"J.K. Rowling, Steve Kloves, David Heyman, Lionel Wigram"
1193,18330-52259,"Rob Cowan, Peter Safran"
1194,56718-1116283,"Dana Fox, John Rickard"
1195,550-880-6193-1128184,"Jennifer Todd, Ben Affleck, Leonardo DiCaprio, Jennifer Killoran"
1196,12770-114408,"Denis L. Stewart, Mary Parent"
1197,6468-38673-119665-1074867,"Nick Wechsler, Channing Tatum, Gregory Jacobs, Reid Carolin"
1198,24308-54507-84348-937231-971001-1252099,"Brian Goldner, Jon M. Chu, Jason Blum, Bennett Schneir, Scooter Braun, Stephen Davis"
1199,21378-88967-1395152,"Paul Webster, Greg Berlanti, Sarah Schechter"
1200,6730-6731-6732-11112-1468878,"Sacha Baron Cohen, Anthony Hines, Peter Baynham, Nira Park, Todd Schulman"
1201,136-488-664,"Sam Mercer, Steven Spielberg, Frank Marshall"
1202,368-52993-56718,"Reese Witherspoon, Bruna Papandrea, Dana Fox"
1203,1223-1224-2236-2238,"Joel Coen, Ethan Coen, Tim Bevan, Eric Fellner"
1204,5664-41039,"Barry Mendel, Judd Apatow"
1205,6870-7779-223609-942904,"Duncan Henderson, Sean Daniel, Joni Levin, Mark Burnett"
1206,10569-144483,"Karen Rosenfelt, Ken Blancato"
1207,11814-58375-74729-1208316,"Todd Garner, Andy Fickman, Betsy Sullenger, Bryan Brucks"
1208,23659-55710-99410-212576,"Will Ferrell, Adam McKay, Chris Henchy, John Morris"
1209,2043-6624-17883-70701-1027025,"John Davis, Jonathan Gordon, David O. Russell, Ken Mok, Megan Ellison"
1210,11874-68691-882944-1125638,"Neal H. Moritz, Ori Marmur, Stephen Hamel, Michael Maher"
1211,2041-9778-37932-65135-65780-93023-1041278-1500924,"Dr. Dre, Ice Cube, F. Gary Gray, Matt Alvarez, Scott Bernstein, Bill Straus, David Engel, Tomica Woods-Wright"
1212,1117781,Osnat Shurer
1213,15277-1607513,"Jon Favreau, Brigham Taylor"
1214,9987-56158-56323,"Ian Bryce, Lorne Michaels, Tina Fey"
1215,10968-949132,"David Heyman, Jeffrey Clifford"
1216,11472-13240-16514-183044-207419,"Irwin Winkler, Mark Wahlberg, Robert Chartoff, Stephen Levinson, David Winkler"
1217,578-8401-11092-22498,"Ridley Scott, Mark Huffam, Simon Kinberg, Michael Schaefer"
1218,11012-54211-61091-90281,"Michael Dougherty, Thomas Tull, Jon Jashni, Alex Garcia"
1219,7200-10859-11092,"Lauren Shuler Donner, Ryan Reynolds, Simon Kinberg"
1220,6040-25046-91161-1257754-1328142,"Wyck Godfrey, Marty Bowen, Joe Hartwick Jr., Ellen Goldsmith-Vein, Lee Stollman"
1221,40375,James Whitaker
1222,10569-37756,"Karen Rosenfelt, Alison Owen"
1223,488-23485-1371013,"Steven Spielberg, Marc Platt, Kristie Macosko Krieger"
1224,298-42994,"Chris Bender, David Dobkin"
1225,84348-1401543,"Jason Blum, Dean Schnider"
1226,2219-4768-16729-1501297,"Tobey Maguire, Lynn Harris, Graham King, Matthew Plouffe"
1227,865-10950,"Michael Bay, Erwin Stoff"
1228,40375-67682,"James Whitaker, Dorothy Aufiero"
1229,31-12931,"Tom Hanks, Rita Wilson"
1230,8181-19282-59421-63223,"Michael Fottrell, Scott Stuber, Paul Young, Peter Principato"
1231,206574-1473812,"Mark Williams, Lynette Howell Taylor"
1232,6048-51329-57130-59833-1102498,"Mark Gordon, Bradley Cooper, Todd Phillips, Scott Budnick, Bryan Zuriff"
1233,282-15158-54211-61091,"Charles Roven, Peter Loehr, Thomas Tull, Jon Jashni"
1234,11472-16483-16485-16486-16487-16514-207419,"Irwin Winkler, Sylvester Stallone, William Chartoff, Kevin King Templeton, Charles Winkler, Robert Chartoff, David Winkler"
1235,322-41331-1548067-1548068,"Steve Golin, Michael Sugar, Nicole Rocklin, Blye Pagon Faust"
1236,36427-56661-266920,"Jenno Topping, Jonathan Levine, Peter Chernin"
1237,287-376-20458-967387,"Brad Pitt, Arnon Milchan, Dede Gardner, Jeremy Kleiner"
1238,957-61578-91180-189613-1441718,"Matthew Vaughn, Adam Bohling, Valerie Van Galder, David Reid, Rupert Maconick"
1239,2034-2997-6048-53758-57583,"Danny Boyle, Scott Rudin, Mark Gordon, Guymon Casady, Christian Colson"
1240,578-56760-1424196-1555782-1555783,"Ridley Scott, Elizabeth Cantillon, Larry Shuman, Giannina Facio-Scott, David Wolthoff"
1241,554-17825-39454-57175-1188380-1718785,"Aaron Ryder, Shawn Levy, David Linde, Karen Lunder, Daniel S. Levine, Dan Cohen"
1242,489-166291-971840-1174045,"Kathleen Kennedy, Tony To, Allison Shearmur, Simon Emanuel"
1243,32532-52934,"Brad Lewis, Nicholas Stoller"
1244,4768-1642831,"Lynn Harris, Matti Leshem"
1245,15344-1636657,"J.J. Abrams, Lindsey Weber"
1246,4504-51612,"Roger Birnbaum, Todd Black"
1247,48498-964093-1186631,"Mickey Liddell, Patrick Aiello, Pete Shilaimon"
1248,5720-38802-65674,"Christopher Meledandri, Joby Talbot, Janet Healy"
1249,6409-120615,"Robert Salerno, Tom Ford"
1250,63223-291263-298410-1748386,"Peter Principato, Jordan Peele, Keegan-Michael Key, Joel Zadak"
1251,500-9033-56737,"Tom Cruise, Christopher McQuarrie, Don Granger"
1252,321-34050-41331-94456-1729689,"Anthony Bregman, Allan Loeb, Michael Sugar, Kevin Scott Frakes, Brad Dorros"
1253,7399-17825-21007-1188380,"Ben Stiller, Shawn Levy, Jonah Hill, Daniel S. Levine"
1254,52763-130959-233068,"Aamir Khan, Kiran Rao, Siddharth Roy Kapur"
1255,190-664-63946-1521882,"Clint Eastwood, Frank Marshall, Tim Moore, Allyn Stewart"
1256,24-30-16729,"Robert Zemeckis, Steve Starkey, Graham King"
1257,578-8401-22498,"Ridley Scott, Mark Huffam, Michael Schaefer"
1258,11614-84348-1657696,"M. Night Shyamalan, Jason Blum, Mark Bienstock"
1259,19282-53758-1229515,"Scott Stuber, Guymon Casady, Daniel Rappaport"
1260,2997-5292,"Scott Rudin, Denzel Washington"
