10,Star Wars Collection
84,Indiana Jones Collection
119,The Lord of the Rings Collection
131,Three Colors Collection
151,Star Trek: The Original Series Collection
230,The Godfather Collection
263,The Dark Knight Collection
264,Back to the Future Collection
295,Pirates of the Caribbean Collection
304,Ocean's Collection
328,Jurassic Park Collection
399,Predator Collection
420,The Chronicles of Narnia Collection
432,Cube Collection
456,Sissi Collection
495,Shaft Collection
498,Heart of Gold Collection
528,The Terminator Collection
529,Wallace & Gromit Collection
556,Spider-Man Collection
645,James Bond Collection
656,Saw Collection
735,Blade Collection
748,X-Men Collection
937,The Pink Panther (Original) Collection
945,Lethal Weapon Collection
1006,Austin Powers Collection
1241,Harry Potter Collection
1565,28 Days/Weeks Later Collection
1570,Die Hard Collection
1575,Rocky Collection
1582,Teenage Mutant Ninja Turtles (Original) Collection
1617,Erkan & Stefan Filmreihe
1657,Zorro Collection
1709,Planet of the Apes Original Collection
1733,The Mummy Collection
1952,USA: Land of Opportunities Collection
1960,Evil Dead Collection
1972,Ju-on Collection
1974,The Grudge Collection
2150,Shrek Collection
2248,Torrente Collection
2326,Underworld Collection
2344,The Matrix Collection
2366,The Jaws Collection
2396,Asterix and Obelix Collection
2467,Tomb Raider Collection
2602,Scream Collection
2643,Aces Go Places Collection
2704,The Bible Collection
2794,The Chronicles of Riddick Collection
2806,American Pie Collection
2883,Kill Bill Collection
2980,Ghostbusters Collection
3106,World of Watches Collection
3167,Ace Ventura Collection
3169,Dr. Dolittle Collection
3292,Tulse Luper
3601,I Know What You Did Last Summer Collection
3963,The Crimson Rivers Collection
4246,Scary Movie Collection
4438,The Space Odyssey Series
4563,The Vengeance Collection
5039,Rambo Collection
5202,Wild Orchid Collection
5547,RoboCop Collection
7505,Elements Trilogy
8050,Highlander Collection
8091,Alien Collection
8354,Ice Age Collection
8385,Aki Kaurismäki's Finland trilogy
8412,Anatomy Collection
8537,Superman Collection
8580,The Karate Kid Collection
8581,A Nightmare on Elm Street Collection
8647,The Skulls Collection
8650,Transformers Collection
8783,Fievel Collection
8819,Casper Collection
8864,Final Destination Collection
8917,Hellraiser Collection
8918,The Hills Have Eyes (Reboot) Collection
8936,Bridget Jones Collection
8945,Mad Max Collection
8979,Wayne's World Collection
9046,A Chinese Ghost Story Collection
9068,The Prophecy Collection
9088,The Little Polar Bear Collection
9309,Winnetou Collection
9328,Free Willy Collection
9329,Young Guns Collection
9332,Crocodile Dundee Collection
9338,Police Academy Collection
9435,Babe Collection
9436,The Crow Collection
9485,The Fast and the Furious Collection
9500,Werner Collection
9518,The Transporter Collection
9521,Look Who's Talking Collection
9649,Mexico Trilogy
9735,Friday the 13th Collection
9743,The Hannibal Lecter Anthology
9744,Fantastic Four Collection
9818,Mortal Kombat Collection
9887,Species Collection
9888,Home Alone Collection
10194,Toy Story Collection
10441,Babylon 5 Collection
10453,Poltergeist Collection
10455,Child's Play Collection
10456,Dirty Harry Collection
10457,Once Upon a Time in China Collection
10517,Le Gendarme de St. Tropez Collection
10522,Starship Troopers Collection
10709,The Mighty Ducks Collection
10713,Universal Soldier Collection
10721,Mimic Collection
10789,Pet Sematary Collection
10893,Critters Collection
10919,The Omen Collection
10924,From Dusk Till Dawn Collection
10964,Flatfoot Collection
11118,The Olsen Gang Collection
11140,Dr. Mabuse Collection
11582,Don Camillo Collection
11716,Addams Family Collection
11794,Ginger Snaps Collection
11875,Pippi Longstocking
12075,Elling Collection
12077,St. Trinian's Collection
12087,Herbie Collection
12141,3 Men (Original) Collection
12203,Drunken Master Collection
12263,The Exorcist Collection
13800,Futurama Collection
14095,Barefoot Gen Collection
14246,Sniper Collection
14377,Death Wish Collection
14563,The Ring Collection
14740,Madagascar Collection
14890,Bad Boys Collection
16302,Battle Royale Collection
17149,20th Century Boys Collection
17178,Jackass Collection
17235,Hellboy Collection
17255,Resident Evil Collection
17368,The Sisterhood of the Traveling Pants Collection
19160,FernGully Collection
19163,The Land Before Time Collection
19262,Trapped in the Closet
19285,Leprechaun Collection (Original Series)
19387,The X-Files Collection
20725,Raaz Collection
20970,Sarkar Collection
21624,Golmaal Collection
23026,Ghost in the Shell Collection
23170,Burnt by the Sun Trilogy
23240,The Garden of Sinners
23453,Tengen Toppa Gurren Lagann Collection
23456,One Piece Collection
23497,Bleach (Collection)
23616,Naruto Collection
24717,Johan Falk GSI Collection
24726,Johan Falk Collection
24761,The Millennium Collection
25410,The Art of War Collection
25542,An American Girl Collection
26863,Caprinos Eventyrlige Verden
30663,Harold & Kumar Collection
31562,The Bourne Collection
32135,The Toxic Avenger Collection
32153,Fallen Collection
33059,Wild Things Collection
33071,Cheech & Chong Collection
33085,The Little Mermaid Collection
33381,The Whistler collection
33514,The Twilight Collection
33878,Destricted
33938,Airport Collection
34055,Pokémon Collection
35792,Nanny McPhee Collection
36694,Bloodsport Collection
37139,Naked Gun Collection
37261,The Carry On Collection
38451,Charlie Chan (Warner Oland) Collection
39199,Detective Conan Collection
39244,Digimon Collection
39438,Emmanuelle Collection
39460,The Water of the Hills Collection
41083,Scuola di ladri - Collezione
41437,Paranormal Activity Collection
41649,The Party Collection
41658,Fantozzi Collection
43055,Conan the Barbarian Collection
43058,Homeward Bound Collection
43063,Half Past Dead Collection
43064,Speed Collection
43066,Teen Wolf Collection
43072,The Mask Collection
43220,National Lampoon’s Van Wilder Collection
43563,Friday Collection
44215,Stargate SG-1 Collection
44722,Munna Bhai Collection
44724,Don Collection
44913,Ghoulies Collection
44917,Swordsman Collection
44976,Dhoom Series
44979,Big Momma's House Collection
45154,Darkman Collection
45355,Kevin Smith: Silent Bob Speaks!
46082,Ma and Pa Kettle Collection
46512,Missing in Action Collection
47391,Sleepaway Camp Collection
47400,Nick Carter Collection
47627,Trancers Collection
47629,Mr. Boogedy Collection
47630,The Falcon Series
47770,Phantasm Collection
47814,The Thin Man Collection
47983,Killer Tomatoes! Collection
48037,Meatballs Collection
48188,Poison Ivy Collection
48190,Revenge of the Nerds Collection
48194,Ator Collection
48317,The Man With No Name Collection
48655,Deathstalker Collection
48802,I Love a Mystery movie series
48829,The Streetfighter Collection
50457,Sex and the City Collection
51509,Meet the Parents Collection
52749,The Butterfly Effect Collection
52760,Urban Legend
52783,Wall Street Collection
52785,xXx Collection
52789,Cruel Intentions Collection
52835,French Fried Vacation
52888,The Visitors Collection
52984,National Treasure Collection
52985,Wrong Turn Collection
52988,Hot Shots! Collection
53043,The Magick Lantern Cycle
53154,Inuyasha Collection
53159,The Santa Clause Collection
55419,Cinderella Collection
55422,Peter Pan Collection
55427,Fantasia Collection
55428,Curious George Collection
56005,Dead Space Collection
57129,Rugrats Collection
57971,The Rescuers Collection
58588,Infernal Affairs Collection
59007,Bionicle Collection
59009,08/15 Collection
59235,Jesse Stone Collection
59567,Shanghai Noon Collection
59586,The Blue Lagoon collection
63043,TRON Collection
63170,Jönsson Gang
64748,Silent Hill Collection
64750,Blair Witch Collection
64751,Crank Collection
65249,Tarzan (Johnny Weissmuller series)
65906,Mods Collection
66761,Open Season Collection
68589,The Wixxer Trilogy
69788,Sharpe Collection
70068,Ip Man Collection
70764,Largo Winch Collection
71458,3 Ninjas Collection
72119,"Honey, I Shrunk the Kids Collection"
72547,Journey Collection
74083,Flodder Collection
74508,[REC] Collection
75014,How I Unleashed World War II
76291,Simon Brenner Collection
77816,Kung Fu Panda Collection
84785,La trilogie de la mort – Nacho Cerda
84923,The Orphic Trilogy
85473,The Human Condition
85817,Arthur and the Invisibles Collection
85861,Beverly Hills Cop Collection
85890,The Librarian Collection
85943,Night at the Museum Collection
85945,The Mesrine Collection
85946,District 13 Collection
85960,My Girl Collection
86024,Legally Blonde Collection
86027,Aladdin Collection
86028,The Nutty Professor Collection
86029,Charlie's Angels Collection
86055,Men In Black Collection
86058,Dirty Dancing Collection
86066,Despicable Me Collection
86083,Grease Collection
86092,Step Up Collection
86105,American Psycho Collection
86110,Diary of a Wimpy Kid Collection
86112,Vacancy Collection
86113,Open Water Collection
86115,Garfield Collection
86116,Death Race Collection
86117,Johnny English Collection
86119,The Hangover Collection
86224,The Saint Collection
86307,Cocoon Collection
86311,The Avengers Collection
86334,The Prince & Me Collection
86336,Basic Instinct Collection
86341,Fortress Collection
86346,Sabrina the Teenage Witch Collection
86347,Short Circuit Collection
86414,Boston Blackie Series
86486,Spy Kids Collection
86553,Cold Prey Collection
86578,Hostel Collection
86668,Elektra Luxx Collection
86774,Che Collection
86780,Clash of the Titans Collection
86797,Arn collection
86860,Scooby-Doo Collection
87014,Cats & Dogs Collection
87096,Avatar Collection
87118,Cars Collection
87186,The Boondock Saints Collection
87214,The Sandlot Collection
87220,Smokey and the Bandit Collection
87228,Swamp Thing Collection
87232,The Apple Dumpling Gang Collection
87236,Mulan Collection
87250,Bambi Collection
87251,The Good Witch Collection
87252,Halloweentown Collection
87253,High School Musical Collection
87255,Hoodwinked! Collection
87256,Beverly Hills Chihuahua Collection
87258,The Descent Collection
87359,Mission: Impossible Collection
87536,Warlock Collection
87631,The Musketeers Collection
87800,Appleseed Collection
87805,The Gods Must Be Crazy Collection
88574,Scanners Collection
88735,K-9 Collection
89137,How to Train Your Dragon Collection
89151,The Gremlins Collection
89188,Harry Palmer Collection
89264,Romancing the Stone Collection
89272,The Man From Snowy River Collection
89959,Mr. Moto Collection
90031,Inner Sanctum mysteries
90306,Ghost Rider Collection
90348,Witch Mountain Collection
90863,Rush Hour Collection
91361,Halloween Collection
91427,Agent Cody Banks Collection
91430,The Neverending Story Collection
91588,OSS 117 Collection
91657,Disney Buddies Collection
91660,30 Days of Night Collection
91663,Airplane Collection
91697,Battlestar Galactica (Reboot) Collection
91698,Chili Palmer Collection
91746,Bill & Ted's Most Excellent Collection
91799,Tremors Collection
91813,Angelique Collection
91945,American Ninja Collection
92012,Happy Feet Collection
92222,Breakin' Collection
93220,Miss Congeniality Collection
93287,Seventh Company Collection
93295,48 Hrs. Collection
93369,Ringu Collection
93446,The Adventures of Erast Fandorin
93568,Cross of Iron Collection
93731,Waiting Collection
93788,Prep & Landing Collection
93791,Anchorman Collection
94032,The Lion King Collection
94035,Anne of Green Gables Collection
94039,Asterix and Obelix (Animation) Collection
94050,Lucky Luke (Animation) Collection
94589,Ong Bak Collection
94899,Jeepers Creepers Collection
95051,The Up Series
95664,Deuce Bigalow Collection
95891,In China They Eat Dogs Collection
96472,Brother Bear Collection
96660,Circuitry Man Collection
96661,Afro Samurai Collection
96665,Dumb and Dumber Collection
96666,Eden of the East Collection
96671,The Human Centipede Collection
96676,Never Back Down Collection
96677,Red Cliff Collection
96679,Road Trip Collection
96680,Smokin' Aces Collection
96682,Zeitgeist Collection
96850,Evangelion Collection
96871,Father of the Bride Collection
96887,Zatôichi: The Blind Swordsman
96937,The Boogeyman Collection
97156,Varg Veum Collection
97237,Faces of Death Collection
97307,BloodRayne Collection
97445,Air Bud Collection
97456,The Hunchback of Notre Dame Collection
97459,The Jungle Book Collection
97460,Lady and the Tramp Collection
97461,Lilo & Stitch Collection
97462,Macross Frontier Collection
97768,Lake Placid Collection
97771,Major League Collection
97919,The Love Comes Softly Collection
98036,Re-Animator Collection
98077,Der Bockerer Collection
98168,Fright Night Collection
98180,Jungle Jim Collection
98430,Feast Collection
98435,Patlabor Collection
98448,Thou Shalt Laugh Collection
98462,Fu Manchu Collection
98513,Behind Enemy Lines Collection
98580,Candyman Collection
98853,Cyborg Collection
99321,Gantz Collection
99606,Mean Girls Collection
99635,A Better Tomorrow Collection
99727,Stuart Little Collection
100286,Elizabeth Collection
100415,Thumbs! Collection
100693,101 Dalmatians (Animated) Collection
100965,Atlantis Collection
100970,The Fox and the Hound Collection
100992,The Flicka Collection
101246,Azumi Collection
101385,Trailer Park Boys Collection
101471,Return of the Living Dead Collection
101646,Vares Collection
101676,My Wife is a Gangster Collection
101688,Cannonball Run Collection
102008,Another Gay Movie Collection
102019,Death Note Collection
102128,Lone Wolf and Cub Collection
102322,Sherlock Holmes Collection
102452,Samurai Collection
102777,White Noise Collection
102782,House Collection
102940,Break Blade Collection
103001,Fantomas Collection
103190,The Female Prisoner Series
103291,Subspecies Collection
103372,Mr. Bean Collection
103573,Sister Act Collection
103577,The Whole Nine/Ten Yards Collection
104068,Tales of the Four Seasons
104202,Mr. Bones Collection
104716,Basket Case Collection
104769,Lilla Jönsonligan Collection
104774,Tomtar och Trolltyg Collection
104830,Piranha 3D Collection
104833,Fletch Collection
104842,Blue Collar Comedy Tour Collection
104847,Caddyshack Collection
105075,The Shadow Collection
105322,Kickboxer Collection
105324,Mirrors Collection
105625,House of 1000 Corpses Collection
105629,Paradise Lost Collection
105764,The Tall Blond Man Collection
105995,Anaconda Collection
106000,Beastmaster Collection
106011,Shadow Boxing Collection
106368,Quando le donne avevano la coda
106498,Dungeons & Dragons Collection
106768,Tarzan (Animation) Collection
106784,Love in the City Collection
106790,Hooked Collection
107461,Bummer Collection
107462,Osobennosti Natsionalnoy ... - Collection
107465,Six Degrees of Celebration Collection
107467,Самый лучший фильм - Коллекция
107469,Save The Last Dance Collection
107471,Yamakasi - Collection
107473,Ирония судьбы (Коллекция)
107478,Lovey-Dovey Collection
107546,Puff Collection
107674,The Princess Diaries Collection
107688,3 Men Collection
107725,Creepshow Collection
107949,Puppet Master Collection
108043,Hamilton Collection
108125,The 36th Chamber of Shaolin Collection
108170,The Blind Dead Collection
108502,The Discworld Collection
108669,Get Smart Collection
108693,National Lampoon's Vacation Collection
108804,Outpost Collection
109044,Shadow Warriors
109076,Lost Boys Collection
109079,Saint Seiya Collection
109082,Left Behind Collection
109592,Porky's Collection
109608,Van Helsing Collection
109609,The Fly Collection
110021,The Magnificent Seven Collection
110041,Naked Fear Collection
110127,Analyze Collection
110177,Goal! Collection
110179,The Cutting Edge Collection
111751,Texas Chainsaw Massacre Collection
112369,Kung Fu Mahjong Collection
112399,Under Siege Collection
112406,The Aum Shinrikyo Collection
112537,Sällskapsresorna
112636,The Blues Brothers Collection
112860,Kati Collection
113589,The Hire
113635,The Modesty Blaise Collection
113679,Design Trilogy
114374,Fist of the North Star: The Legends of the True Savior
114431,The Incredible Hulk (TV Movie) Collection
114488,Moskva-Kassiopeya Collection
114783,Cheaper by the Dozen Collection
114915,Xtro Collection
114916,Сказки Чуковского
114993,Unstable Fables Collection
115142,Tales from the Crypt Collection
115164,Hornblower Collection
115225,Children of the Corn Collection
115570,Star Trek: The Next Generation Collection
115575,Star Trek: Alternate Reality Collection
115762,AVP Collection
115776,Robert Langdon Collection
115822,Dracula 2000 Collection
115838,Escape From ... Collection
115839,Blue Crush Collection
115840,Would I Lie to You? Collection
116661,The Arrival Collection
116669,The Scorpion King Collection
116847,Dr. Phibes Collection
117354,Shin Chan Collection
117693,Balto Collection
117777,Undisputed Collection
117927,House of the Dead Collection
117952,The Dentist Collection
118221,Weekend at Bernie's Collection
118415,Berserk: Golden Age Arc
118474,Truth in 24 Collection
118657,Annika Bengtzon Collection
118828,Space Chimps Collection
119050,Grumpy Old Men Collection
119234,Stray Cat Rock Collection
119237,Legends of the Poisonous Seductress
119240,The Joys of Torture Series
119581,Elite Squad Collection
119674,Psycho Collection
120417,The Elusive Revengers Collection
120447,Naval Cadets Collection
120794,Batman Collection
120927,McDull Collection
121067,Bloodfist Collection
121195,9½ Weeks Collection
121938,The Hobbit Collection
122017,Screamers Collection
122123,Three Heroes Collection
122489,Billa Collection
122661,Mardock Scramble Collection
122776,Kvartet I Collection
122778,Wodehouse P.G. Collection
122780,Параграф 78 - Дилогия
122922,In the Name of the King Collection
122938,Ring of Fire Collection
122945,The Legend Collection
122947,Omega Code Series
122952,Vampire Hunter D Collection
123203,Hellboy (Animated) Collection
123213,The Fly (1958 series)
123218,Troll Collection
123249,"Ilsa, She Wolf of the SS Collection"
123251,Iron Eagle Collection
123255,Prom Night Collection
123256,Pumpkinhead Collection
123289,Unoffical Ghosthouse Series
123438,Loose Change Collection
123640,Les Mystères de l'ouest (Collection)
123717,She Collection
123720,Frankenstein (Hammer Series)
123724,Dracula (Hammer Series)
123726,Quatermass (Hammer series)
123740,Vampire Karnstein (Hammer series)
123751,Blood Island (Hammer series)
123800,Before... Collection
123932,Quarantine Collection
124188,Pulse Collection
124426,New Kids Collection
124492,The Dirty Dozen Collection
124879,State Property Collection
124881,Street Kings Collection
124901,Hatchet Collection
124916,101 Dalmatians (Live-Action) Collection
124930,King of the Zombies Collection
124934,Alligator Collection
124935,The Lawnmower Man Collection
124949,Almighty Collection
124950,American Graffiti Collection
124951,Mannequin Collection
125570,300 Collection
125574,The Amazing Spider-Man Collection
126125,The Expendables Collection
126166,The Delta Force Collection
126209,Halloween (Rob Zombie Series) Collection
126220,The Waxwork Collection
126221,George of the Jungle Collection
126580,One Missed Call Collection
127280,The Three Mothers Collection
128123,Dark Rising Collection
129293,The Dick Proenneke Collection
129407,John Pinette Collection
129453,Eating Out Series
129626,The Pub Landlord Collection
129748,The Gruffalo Collection
130440,The Pink Panther (Steve Martin) Collection
131292,Iron Man Collection
131295,Captain America Collection
131296,Thor Collection
131635,The Hunger Games Collection
131780,Whispering Corridors Collection
131989,Recep İvedik Serisi
131992,Eyyvah Eyvah Collection
132203,Alan Davies Collection
132877,Painted Skin Collection
133297,Ants in the Pants Collection
133352,Resident Evil: Biohazard
133676,Knerten Collection
133830,Star Wars: The Ewok Adventures Collection
133887,Apocalypse Collection
133891,Confessions Collection
133923,Zombi Collection
134011,The Fugitive / U.S. Marshals Collection
134063,Animation Runner Kuromi (OAV collection)
134633,Snow Collection
134635,Santa Baby Collection
134897,The Smurfs (Theatrical) Collection
135014,Åsa-Nisse Collection
135179,Sin City Collection
135416,Prometheus Collection
135441,Road to Collection
135466,Grave Encounters Collection
135468,G.I. Joe (Live-Action) Collection
135483,Taken Collection
135489,Wishmaster Collection
135495,King Kong (1933 series)
135498,King Kong (1976 series)
135501,976-EVIL Collection
135502,Allan Quatermain Collection
135508,Allan Quatermain (1950 series)
135509,The Last Picture Show Collection
136214,Pocahontas Collection
136218,Night of the Demons Collection
137696,"Monsters, Inc. Collection"
137697,Finding Nemo Collection
137766,Zapped Collection
137804,Никто не знает про секс - Коллекция
137913,The Hunters Collection
138163,Trylogia Sienkiewicza
138706,The Stepfather Collection
138908,2 Days In... Collection
138965,The Mummy (Hammer Series)
138968,The Gingerdead Man Collection
138971,The Slumber Party Massacre Collection
138974,The Sorority House Massacre Collection
139394,Tomie Collection
139450,Memories Collection
140059,We Were Here
140126,Vabank (Collection)
140612,Fullmetal Alchemist Collection
140758,Decoys Collection
140760,Final Fantasy Collection
140910,All Dogs Go to Heaven Collection
141084,Happily N'Ever After Collection
141086,Heavy Metal Collection
141252,Cardcaptor Sakura Collection
141282,The Brave Little Toaster Collection
141290,The Lord of the Rings Animated Collection
141292,The Secret Of NIMH Collection
141448,Fuga de cerebros - Collection
141615,Niko - Coleccion
141649,Three Steps Above Heaven Collection
141748,Robot Chicken: Star Wars Collection
142015,Housefull Collection
142021,Dhamaal Collection
142022,Hera Pheri Collection
142182,Bananas!* Collection
142680,Alex Cross Collection
142686,Зимняя Вишня (трилогия)
142717,The Cremaster Cycle
143302,Mobile Suit Gundam Collection
143588,Why Did I Get Married Collection
143755,Henry: Portrait of a Serial Killer Collection
143757,Stir of Echoes Collection
143766,The Substitute Collection
144146,Lemmy Caution Collection
144200,Swan Princess Series
144689,Honey Collection
145494,The Gidget Collection
145553,Slayers - Movie Collection
145784,The Philadelphia Experiment - Collezione
145901,Lupin the Third Collection
146042,Oskar Luts Collection
146136,Armour of God Collection
146532,The Storm Riders Collection
146534,Without a Paddle Collection
147207,Glass Tiger collection
147220,Valami Amerika gyűjtemény
147669,Das Sams Collection
147765,The Dog Who Saved Christmas Collection
148055,Camp Rock Collection
148065,Doraemon Collection
148315,Pekko aikamiespoika Collection
148320,Vääpeli Körmy - Collection
148324,Uuno Turhapuro
148517,"Pagnol, Childhood's Memories"
148603,Ducobu Collection
148614,Kim Possible Collection
149191,Lady Snowblood Collection
149704,Alone in the Dark Collection
150156,City Slickers Collection
150954,My Friends Collection
150967,Benvenuti al... Collection
151149,My Sisters Kids Collection
151263,WarGames Collection
151861,Lonesome Dove Collection
152544,Green Street Hooligans Collection
152918,Mister Blot Collection
153010,Beauty and the Beast Collection
153629,Flower & Snake Collection
153636,Flower and Snake Collection
153948,Best of the Best Collection
154002,Easy Money Collection
154752,Legend of the Galactic Heroes Collection
155093,Tom Thorne Collection
155408,Young And Dangerous Collection
155421,Mr. Vampire Collection
155474,French Connection Collection
156152,La Trilogie Marseillaise
156240,The Heroic Trio Collection
157504,Walking Tall Original Collection
157626,The Comedians Of Comedy Collection
157671,The Decline of Western Civilization Collection
157890,The Matt Helm Collection
158038,Die Nibelungen Collection
158365,Why We Fight
158373,The Lost Skeleton Collection
158376,Hanzo the Razor Collection
158391,The Apu Collection
158643,Laid to Rest Collection
158814,Karlson Collection
159340,Bang Rajan Collection
159600,House Party Collection
159603,Kidulthood Collection
159613,Election Collection
159616,East is East Collection
160401,Ninjas vs. Collection
160468,The Frogtown Collection
160677,"Ninja, Band of Assassins Collection"
160727,Stomp the Yard Collection
160792,Prudence et Bélisaire Beresford Collection
160952,Caméra Café
161314,The Angel Collection
161373,Tai Chi Collection
161766,Gamera Films
162028,Stakeout Collection
162782,Mommies Collection
163798,Gumball 3000 Collection
163902,RED Collection
164072,Baby Burlesks
164394,If These Walls Could Talk Collection
164395,The Messengers Collection
164397,Class of 1999 Collection
165131,Dreileben
165369,The Collector Collection
165679,Girl's on Top Collection
165743,Ranma Collection
165778,We Are From The Future Collection
165855,Kleines Arschloch Collection
166018,M.D. Geist Collection
166373,The Marine Collection
166376,Hollow Man Collection
166378,Joy Ride Collection
166379,Turbulence Collection
166381,Atlas Shrugged Collection
166698,Westworld Collection
166844,Sammy's Adventure Collection
167456,Our Man Flint Collection
167552,Lemon Popsicle Collection
167613,Alvin and the Chipmunks Collection
167691,Trilogy of Life
167716,The Bill Douglas Trilogy
167985,Richie Rich Collection
168182,Philo & Clyde Collection
168186,Witchboard Collection
168545,Sometimes They Come Back Collection
168618,The Moment After Collection
168880,Beethoven Collection
168949,The Encounter Collection
169329,Göta kanal collection
169452,DragonHeart Collection
169740,The Haunting in Connecticut Collection
169851,The ChubbChubbs Collection
170416,God of Gamblers Collection
170452,Timecop Collection
170754,Arthur Collection
171439,F/X Collection
171586,PTU Collection
171732,Mothra Collection
172000,Vi hade i alla fall tur med vädret Collection
173344,Qatsi Collection
173628,Nekromantik Collection
173710,Planet of the Apes (Reboot) Collection
173738,Fanthagirò Collection
174218,The Howling Collection
174245,Alien Nation Collection
174386,Into the Blue Collection
174407,Warriors of Virtue Collection
174995,Boys Love Collection
175722,The Gorky Collection
175763,TekWar Collection
175858,Hidden Collection
176097,Barbershop Collection
176118,The Are We Collection
177062,Blondie Collection
177467,Cloudy with a Chance of Meatballs Collection
177675,The Last Exorcism Collection
178106,Darko Collection
178117,The Emperor's New Groove Collection
178654,White Fang Collection
179042,Anja & Viktor Collection
179244,Pee-wee's Collection
179892,Kick-Ass Collection
179919,Percy Jackson Collection
180019,V: The Collection
180142,Kenji Misumi's Trilogy of the Sword
180498,Krummerne (Samling)
180546,Grown Ups Collection
180854,Problem Child Collection
181496,Davy Crockett Collection
181502,Screwballs Collection
182371,Armitage III Collection
182617,Elvira Collection
182813,Clerks Collection
182923,Tetsuo Collection
183256,Kiler Collection
183680,OSS 117 The Original Saga
184977,Shaolin Temple Collection
185103,Hotel Transylvania Collection
185627,Umizaru Collection
185667,The Complete Monterey Pop Festival
185682,The Adventures of Antoine Doinel
186102,Eddie and the Cruisers Collection
187089,Emil i Lönneberga
187734,La Classe Américaine & Cie
187736,Leningrad Cowboys Collection
188133,Les Charlots - Saga
188138,Il Maresciallo Giraldi Collection
188197,Cetto La Qualunque - Collezione
188202,"Pane, amore e… - Collezione"
188458,Trilogy of Terror Collection
188534,Fantômas Serial
188577,Tognazzi & Vianello Collection
189157,Love in a... Collection
189159,Project A Collection
189295,The Spiders Serial
190135,Love Hina Collection
190435,Street Fighter Collection
191023,The Yakuza Papers Collection
192167,The Bride with White Hair Collection
192174,Crows Collection
192175,Fight Back to School Collection
192486,The Doctor Series
192492,The Jack Ryan Collection
192532,Dead or Alive Collection
192541,The Twins Effect Collection
192974,White Crane Chronicles
194752,Trilogie
195071,Adventures of Mowgli
195441,Dennis the Menace Collection
195646,Galaxy Express 999 Collection
196753,Ghost in the Shell: Arise
197065,DMB Collection
197476,Captain America 1979 Classic Collection
198697,Immaturi Collection
198921,Алиса в стране чудес (Коллекция)
198987,Winnie-the-Pooh (Russian)
199141,Tenchi Muyô Collection
199629,Hercules TV Movies
200641,Red Lotus Collection
201061,War of the Worlds Collection
201260,Trilogy Marseillaise
201545,Chinese Boxer Collection
201548,The One-Armed Swordsman Collection
201576,The Cabin Fever Collection
201689,Karas The Collection
201778,Dorm Daze Collection
201873,A Christmas Story Collection
201930,Blacula Collection
201932,The Nigger Charley Collection
203029,Witchcraft Collection
203178,Jack Frost Collection
203910,Pusher Collection
205029,The Reef Collection
205145,Gor Collection
205459,Fearless Hyena Collection
205672,Encounters of the Spooky Kind Collection
205860,The Black Mask Collection
205977,The Kingdom
206072,Running Out Of Time Collection
206449,Jungledyret Hugo Collection
206559,StreetDance Collection
206786,Goopy Bagha Trilogy
206857,Romantik Komedi [Seri]
206921,Star Wreck Collection
207415,Fatal Fury Collection
207447,Firestarter Collection
207621,V/H/S Collection
207632,The ABCs of Death Collection
207952,Barrytown Trilogy
208602,That's Entertainment Collection
208765,Europa Trilogy
209131,Man of Steel Collection
209739,MacGyver (TV Movies) Collection
210006,Machete Collection
210303,Rebuild of Evangelion
211075,Panda! Go Panda! Collección
211721,Taxi Collection
211753,Caprona Collection
211860,Mountain Family Robinson Collection
212123,Tiny Times Collection
212166,Puella Magi Madoka Magica: The Movie
212279,Piranha Collection
212525,Trinità  Collection
212562,Jump Street Collection
213697,Sex is Zero Collection
214702,Mi Nismo Anđeli Collection
215293,The Under-Gifted Collection
215326,The Bad New Bears Collection
215452,Kokowääh Filmreihe
215456,Keinohrhasen Filmreihe
215606,Seven Dwarfs Collection
216395,Parent Trap Collection
216435,All for ...
217704,The Vampire Chronicles
218104,Snake Eater Collection
218293,Brother Collection
218406,Frankenstein (Universal Series)
219363,Prostokvashino Collection
219691,I Spit on Your Grave Collection
220441,Art of the Devil Collection
220448,Mr. Wong Collection
220872,Men in the City Collection
221111,S.W.A.T. Collection
221308,"Oh, God! Collection"
221537,Creature From The Black Lagoon (Universal Series)
221539,Dracula (Universal Series)
221544,The Mummy (Universal Series)
221622,12 Rounds Collection
221966,The Odd Couple Collection
222634,Tooth Fairy Collection
222639,Detective Dee Collection
223564,The Cell Collection
223926,"Impy, the small dinosaur Collection"
224011,Dick Tracy 1940s Collection
224026,Monster High Collection
224478,The Brady Bunch Collection
224976,Road House Collection
225543,Gasland Collection
225961,Birdemic Collection
227140,Black Emanuelle Collection
227147,Tokyo Decadence series
228335,Rakht Charitra
228446,Insidious Collection
228887,Daddy Day Camp Collection
229932,Rio Collection
230161,Fright Night (Reboot) Collection
230532,Marley & Me Collection
232403,Otto Collection
232844,Nim's Island Collection
237444,A Golden Christmas Collection
237445,Inspector Gadget Collection
238419,Anders Matthesen
238448,Les Ripoux - Trilogie
239011,Detective Collection
239430,Think Like a Man Collection
239595,Nativity Collection
239766,The Klapisch Trilogy
239968,La cage aux folles
240156,Sami Swoi Collection
240690,Billy Jack Collection
241729,Alpha and Omega Collection
242587,Rudolph the Red-Nosed Reindeer Collection
242765,In the Line of Duty Collection
243598,The Best Man Collection
243738,The Work and the Glory Collection
243811,Paradise Trilogy
244242,Ninja Collection
244500,Gangs of Wasseypur Collection
245129,Pumping Iron Collection
245198,Feluda Collection
245321,K3 Collectie
245326,The Fjällbacka Murders
246091,Krrish Collection
246207,Gunbuster Collection
246839,Center Stage Collection
247028,Rurouni Kenshin Live-Action Collection
247294,Showgirls Collection
248126,Splash Collection
248339,House on Haunted Hill Collection
248534,Batman: The Dark Knight Returns Collection
251117,Kenny Rogers Legend Of The Gambler
251383,The Gamers Collection
251858,Brancaleone Collection
251937,A Haunted House Collection
251970,The Protector Collection
252313,The Endless Summer Collection
252338,The Four Collection
253537,Spud Collection
254636,Maniac Cop Collection
255478,Cowgirls n' Angels Collection
255702,The Rutles Collection
256287,Justice League (Animated) Collection
256296,"Silent Night, Deadly Night Collection"
256297,It's Alive Collection
256322,The Purge Collection
256374,Zero Woman Collection
256377,The Muppet Collection
256433,Dabangg Collection
256477,Saheb Biwi Aur Gangster Collection
256484,Carnosaur Collection
256548,Father of Four Collection
256729,War Trilogy
256746,Vampire Boys Collection
256953,The Comics Collection
257053,Carrie Collection
257071,All Stars Collectie
257378,Fast Getaway Collection
257571,C.H.U.D. Collection
257899,The President's Man Collection
257960,The Raid Collection
258372,Ivan Tsarevich & the Grey Wolf Collection
258506,Short Peace
258664,Nymphomaniac Collection
259027,The Wolf Man (Universal Series)
259085,Ironclad Collection
259256,Race Collection
259308,I soliti idioti Collection
259363,Manuale d'amore - Collezione
259398,Teenage Apocalypse Trilogy
259401,The Invisible Man (Universal Series)
259411,Sex Up Filmreihe
260520,Kathleen Madigan Collection
260586,Le Cœur des Hommes
260601,The Worricker Collection
261057,I Am Curious Collection
261203,Street Fighter
261240,U Pana Boga Collection
261286,Bad Ass Collection
261307,Alice in Wonderland Collection
261382,Clint Eastwood's Iwo Jima Collection
261526,Slap Shot Collection
261590,Living Dead Collection
262011,Sleuth Collection
263101,Sailor Moon Collection
263106,Twitches Collection
263193,Charlotte's Web Collection
263866,Nuke 'Em High Collection
264317,Bhoothnath Collection
264335,The Eye Collection
264338,Rosemary's Baby Collection
264339,The Hamiltons Collection
264434,Demonic Toys Collection
264437,My Bloody Valentine Collection
264481,Mega Shark Collection
264914,Eye of the Dolphin Collection
265709,00 Schneider Filmreihe
265782,The Desert Collection
265865,Space Dogs
266672,Ted Collection
266731,Cat Stevens y Hutch Bessy Trilogy
266846,Corto Maltese
267308,Hot Wheels: AcceleRacers - Collection
267551,Aniskin Collection
267922,The Hills Have Eyes (Original) Collection
268014,The Big Bottom Box
268098,Wolf Creek Collection
269098,Police Story Collection
269190,The Ultimate Collection
270156,The Sweeney Collection
270252,Planes Collection
271668,Caballeros Collection
272416,Lauras Stern
272673,Cat People Collection
273099,Olsen Banden (Samling)
275402,SpongeBob Collection
275873,Dr. Who Collection
276838,When a Stranger Calls Collection
277630,CyberTracker Collection
277739,"Heaven, Hell and Purgatory Collection"
277798,Isi/Disi Collection
278467,Trilogía de la violencia de Michael Haneke
278920,Vampires Suck Collection
279244,Family Guy Presents Collection
279445,China O'Brien Collection
279715,Beck Collection
279836,Herr Lehmann Filmreihe
279959,The Inbetweeners Collection
280504,Mechanic Collection
280539,Lassie (Kinofilme)
280562,The Guyver Collection
280588,Horrible Bosses Collection
281097,Philo Vance Collection
281644,Rocky Horror Collection
281882,Public Enemy Series
282117,Skeleton Key Collection
282246,Mickey's Upon a Christmas Collection
282971,Aashiqui Collection
283417,Rampage Collection
283579,Divergent Collection
283733,The Three Brothers Collection
283775,Zanna Bianca Collection
284024,The Exterminator Collection
284111,Barbarian Queen Collection
284346,Nana Collection
284433,Guardians of the Galaxy Collection
284700,Ivan Brovkin Collection
285130,2001 Maniacs Collection
285249,Hard Time Collection
285428,The Cutlass Collection
285564,Jarhead Collection
285879,Seed Collection
286006,Rest Stop Collection
286023,Sharknado Collection
286038,Dead Snow Collection
286162,Power Rangers Collection
286177,Footsoldier Collection
286904,Ultimate Avengers Collection
286935,Silence of God Trilogy by Ingmar Bergman
286936,Cyborg 009 Collection
286948,Nemesis Collection
286951,Singham Collection
287016,Wong Kar-Wai's Informal Collection
287684,Schule Collection
288235,Cat Run Collection
288280,Saturday Night Fever Collection
288491,Dolphin Tale Collection
288882,Bloodfight
289288,Per Fly trilogien (Samling)
289531,Gator Collection
289763,Long Arm of the Law Collection
290933,Superman / Batman (Animated) Collection
290973,"Crouching Tiger, Hidden Dragon Collection"
292068,The Pact Collection
293196,Big Man Collection
293981,Flowers in the Attic Collection
294172,Tekken Collection
294187,Born To Race Collection
294226,The Dead Collection
294468,Flubber Collection
294519,The Shaggy Dog Collection
294834,Vixens Collection
294918,Paranormal Investigations Collection
295130,The Maze Runner Collection
295274,The Crossing Collection
295777,Korengal Valley Documentaries
295852,Extralarge Collection
295862,The BRD Collection
296358,Anche gli angeli - Collezione
296429,I Spit on Your Grave (Original) Collection
296872,See No Evil Collection
297142,White Collar Hooligan Collection
297143,Dexter Riley Collection
297252,Not Quite Human Collection
297299,Bullit & Riper Collection
297371,Reeker Collection
297501,Dixie Zombi - Colección
297923,We're the Millers Collection
298162,"All inclusive, или все включено (Коллекция)"
298187,Lezioni di Cioccolato Collection
298778,1920 Collection
298820,American Pie (Spin-off) Collection
299748,Walking Tall Collection
300431,Lucky Stars Collection
300546,Once were Warriors Collection
301508,Sadako 3D Collection
303872,Little Nicholas Collection
303969,"Martin Scorsese’s World Cinema Project, Vol. 1"
304025,Gwendolyn Shepherd Collection
304378,Independence Day Collection
304809,Schoolgirl Report Collection
305360,Lucky Luke (Terence Hill) Collection
306031,Pitch Perfect Collection
306063,Saints and Soldiers Collection
306882,Thunderbirds (Animation) Collection
306926,Monsters Collection
306937,Best Exotic Marigold Hotel Collection
307637,Jingle All the Way Collection
308153,The Cheerleaders - Collection
308465,The Emigrants Collection
308645,The Foreigner Collection
309259,Naked Collection
309300,The Trip Collection
311102,Klassefesten (Samling)
312735,Annie Collection
312744,Madicken
312882,Pierino - Serie ufficiale
312977,Iron Sky Collection
313086,The Conjuring Collection
313234,Warriors of the Rainbow: The Seediq Bale Saga
313576,Hot Tub Time Machine Collection
314023,Hercules (Lou Ferrigno) Collection
314042,Onomichi Trilogy
314917,Flesh Gordon Collection
315054,Dark World Collection
315091,Что Творят мужчины! (Коллекция)
315560,The Woman in Black Collection
315595,Tinker Bell Collection
315609,Mörderischer Norden
315750,They Call Me Bruce Collection
315944,Wallander (Rolf Lassgård)
317299,Puss 'n Boots Collection
318037,Martial Law Collection
319644,Black Scorpion Collection
319850,Department Q series
320064,El pico - Colección
321061,The Wild Geese Collection
321063,The Sinbad Collection
321065,The Sabata Collection
321148,Zenon Collection
322330,Garfield Holiday Celebrations
322650,Detonator Collection
324149,Koker Trilogy
324371,The Riffs Trilogy
324458,The Mark Collection
324475,Mann Filmreihe
324703,Overheard Collection
324909,LasseMaja: Samling
325470,The Lego Movie Collection
325798,Star Crash Collection
326795,Freche Mädchen Filmreihe
326849,Mostly Ghostly Collection
327598,"To Sir, with Love Collection"
327871,Count Yorga Collection
328073,Síť (kolekce)
328247,Magic Mike Collection
328372,Mall Cop Collection
329220,Adventures of a ...
330075,Little Witch Academia Collection
330524,Six Swedes Collection
330555,Ernest Collection
330605,The Sting Collection
330892,Sides of the Bed
331475,Shiloh Collection
331841,Babysitting
332357,The Dukes Of Hazzard Collection
333000,Santa's Apprentice
333154,Sunes samtliga Resor
333398,Cabin By The Lake Collection
334356,The Man with the Iron Fists Collection
334414,Ostwind Filmreihe
334486,Detective K Collection
334563,The Sister Street Fighter Collection
334996,Son of Batman Collection
336557,The Ouija Experiment Collection
337957,ABCD Collection
338282,Single White Female Collection
338313,Argo Collection
338327,Beach Party Collection
338416,Kirikou
339577,Grindhouse Collection
340623,The Gate Collection
340633,Eberhofer Krimi Collection
341455,Tanu Weds Manu Collection
342009,Die Nibelungen Filmreihe
342577,Till Luck Do Us Part Collection
343297,My Little Pony: Equestria Girls Collection
343477,Kusswechsel Filmreihe
343733,Lotta
343944,Singam Collection
344555,"F*ck You, Goethe Collection"
344830,Fifty Shades Collection
344936,Unna Trilogie
345865,Emmanuelle 2000 Collections (USA)
347469,Antboy Collection
347544,식객 시리즈
348843,Vampires Collection
349336,Macskafogó gyűjtemény
349889,Robot Jox Collection
350309,Bahubali Collection
350402,Barney Collection
350836,Dark Planet Collection
351228,Ski School Collection
351230,Dream a Little Dream Collection
351231,Hardbodies Collection
351667,Un éléphant ça trompe énormément
351684,The Flintstones (Live-Action) Collection
351721,The Sheriff and the Satellite Kid Collection
351886,The Postman Collection
352020,ДухLess (Коллекция)
352789,Zoolander Collection
353325,Joe Dirt Collection
353708,Kill Buljo Collection
353721,You Got Served Collection
353754,Trilogía Sollima
353792,Garage Sale Mystery Collection
354066,The Nancy Drew Collection (Bonita Granville)
354164,Lamù Collection
354210,Born Free Trilogy
355490,Freeway Collection
356437,Living Trilogy
356688,Batman Unlimited Collection
357173,Sinister Collection
358930,Contracted Collection
359005,The Jake Gittes Collection
360112,He Who Dares Collection
360342,Tarzan (Lex Barker series)
360344,Tarzan (Gordon Scott series)
360346,Tarzan (Mike Henry series)
361007,Calcutta Trilogy
361140,House of Angels Collection
362047,Bikini Summer Collection
362554,Ex Collection
362722,Fimfárum (kolekce)
362878,Yamla Pagla Deewana
363014,Like Mike Collection
363015,Frosty the Snowman Collection
363066,Erotic Ghost Story Collection
363092,Mythica Collection
363369,Pacific Rim Collection
363918,Aurélie Laflamme Collection
363966,Care Bears Collection
364342,Gourmet Detective Collection
364344,"Murder, She Baked Collection"
366444,Demetrius Filmreihe
366826,Navarone Collection
367092,Tada's Do-It-All Collection
368982,MVP
369004,Borsalino Collection
369005,Ten Minutes Older... (Collection)
369380,If I Were You Collection
370374,Sharktopus Collection
370411,Attack on Titan Collection
371950,Dark Woods Collection
372257,The Poseidon Adventure Collection
372479,Les Boys
373538,Enter the Ninja Collection
373918,Garfield (Animation) Collection
374202,Kizumonogatari
374384,Stepford Collection
374386,Anglo-Zulu War Collection
374418,The Mangler Collection
374436,Waldemar Daninsky Collection
374509,Godzilla (Showa) Collection
374511,Godzilla (Heisei) Collection
374512,Godzilla (Millennium) Collection
374663,Mrs. Miracle Collection
374930,Snow Queen Collection
375228,The Condemned Collection
375886,Willard
376128,Beck - Historien om ett brott
376527,Richard the Lionheart Collection
376567,I pompieri - Collezione
376650,Ride Along Collection
376863,This is England Collection
376970,Cocaine Cowboys
377491,Les Profs
377545,Samurai Trilogy
378025,Die Fritz Lang Indien-Edition
378268,Havoc Collection
378453,Henry Fool Collection
379475,Batman Beyond Collection
379897,Hayride Collection
379920,Deadly Prey Collection
380006,Mondo Cane Collection
380160,Die Kirche bleibt im Dorf Collection
380170,Flying Guillotine Collection
380822,Penitenciaría - Colección
381396,Bats Collection
382113,Spiders - Collection
382238,Cyborg Cop Trilogy
382402,Assassination Classroom Collection
382685,Now You See Me Collection
383632,A Man Called Horse Collection
384040,The Six Million Dollar Man Collection
384920,"No Retreat, No Surrender Collection"
385250,Black Magic Collection
385386,Parasyte Collection
385528,Outrage Collection
385639,The Sentimental Swordsman Collection
385650,The Spiritual Boxer Collection
385709,Tales From The Dark Collection
385712,The South Shaolin Master Collection
385717,Thermae Romae Collection
385719,The Underdog Knight Collection
385720,Zebraman Collection
385721,Zu Warriors Collection
385863,F.C. De Kampioenen Collectie
386162,LEGO DC Comics Super Heroes Collection
386382,Frozen Collection
386410,Dragon Ball Collection
386491,The Adventures of Mickey Matson Collection
386495,Fubar Collection
386534,... Has Fallen Collection
386549,"Fat, Sick & Nearly Dead"
386818,Django - Original films
387219,The Hustler Collection
387618,8MM Collection
388180,Ocho apellidos - Colección
389544,Les Tuche
389767,My Big Fat Greek Wedding Collection
389867,Shark.Attack
389978,"Hard Revenge, Milly Collection"
390096,Hitman Collection
390774,The Krays Collection
391040,Gone in 60 Seconds Trilogy
391047,On Any Sunday Collection
391739,Cirque du Soleil Collection
391860,Kingsman Collection
392206,The Monkey King Collection
393126,Letters to Santa Collection
393290,Sartana Collection
393326,Torchy Blane
393328,Library Wars Collection
393379,The Huntsman Collection
393564,McHale's Navy Collection
393744,Горько! (Коллекция)
394204,The Snowman Collection
394258,The Amazing Colossal Man Duology
394316,Johnny Tsunami Collection
395433,Lone Wolf film series
395466,Tere Bin Laden Collection
395556,The August Underground Collection
395591,Sex and Zen Collection
396839,Robotech (Samling)
397341,Don't Go Breaking My Heart Collection
397382,Epoch Collection
397444,Kindergarten Cop Collection
397598,Arabian Nights
397842,The Amityville Horror Collection
397848,Magic Kid Collection
398740,Mister Roberts Collection
398758,Action Pack Bandit Films Collection
400412,Northpole
400500,Чебурашка и крокодил Гена
400700,Neighbors Collection
401119,Flower Shop Mystery Collection
401261,Hate Story Collection
401270,Lee Rock Collection
401562,Teenage Mutant Ninja Turtles (Remake) Collection
401655,Welcome Collection
402074,Annabelle Collection
402380,Pitbull - Kolekcja
402457,The Durango Kid
403001,Meu Passado me Condena
403161,Miles Jupp Standup Collection
403374,Jack Reacher Collection
403603,La Tour Infernale
404111,100 Girls Collection
404136,Hopalong Cassidy films
404148,Olympia
404302,Cold War Collection
404609,John Wick Collection
404770,Superman (DC Universe Animated) Collection
404825,Wreck-It Ralph Collection
405256,Dolemite Collection
405393,The Black Stallion Collection
406817,Horror High Collection
407273,Dead Rising Collection
408196,Teen Beach Collection
409026,Nobody Collection
409138,Yossi Collection
409343,God's Not Dead Collection
410261,A Goofy Movie Collection
411859,Barbie Fairytopia Collection
412300,Fontaine Khaled Collection
412680,Hard Target Collection
412736,Rare Exports Collection
413661,Charlie Chan (Sidney Toler) Collection
413663,Charlie Chan (Roland Winters) Collection
413731,Nitro Collection
413935,Wizards of Waverly Place Collection
413937,Father Flanagan Collection
413946,Gamma One Collection
414000,Omae Umasou Da na
415054,Облако-рай (Коллекция)
415695,Nadodikkattu Collection
415699,Devasuram Collection
415799,East Side Kids
415931,The Bowery Boys
416305,Killjoy
416468,World War Z Collection
416491,Major Korenev Trilogy
416942,Madeline
417064,If You Are the One (Collection)
417481,Father and Guns Collection
417491,Bon Cop Bad Cop Collection
418219,Carmina - Colección
418326,"Signed, Sealed, Delivered"
419784,Masti Collection
421084,Disneys Große Pause
421566,Totò Collection
421605,Heidi (Praesens-Film) Filmreihe
421904,Batman (DC Universe Animated) Collection
422193,The Blob Collection
422361,Barbie A Mermaid Tale Collection
422834,Ant-Man Collection
422837,Blade Runner Collection
423173,Bad Santa Collection
423877,Turkish Star Wars
424202,Trainspotting Collection
424830,The Benji Collection
424842,Maigret (Rowan Atkinson) Collection
425164,Dragon Ball Z (Movie) Collection
425175,Texas Chainsaw (Reboot) Collection
425189,Dragon Ball Z OVA Collection
425280,Slime City Collection
425435,Flatland Collection
425880,The Cheetah Girls Collection
425881,Thunder in Paradise Collection
426103,Ouija Collection
426370,The Wog Boy Collection
426761,Hentai Kamen Collection
426985,Ivan The Terrible Collection
427084,The Secret Life of Pets Collection
427113,Little Bear
427397,The Angrez Collection
427627,Outlaw Gangster VIP: The Complete Collection
427944,The Happy Hooker Collection
427956,Dr Goldfoot Collection
428046,Viy Collection
429231,Tainá
429232,Vai Que Dá Certo
429234,Trilogia Zé do Caixão
429409,Force Collection
429826,The Hobgoblin Collection
430186,Bring It On Collection
430201,Demons Collection
431417,Nevada Smith Collection
431791,Classmates Collection
432151,Daffy Duck Movie Collection
433061,Fred Collection
433140,Zipi y Zape - Colección
434270,Lew Harper Collection
434533,Death Race Original Collection
435108,Whistling Collection
435259,Fantastic Beasts Collection
435347,男はつらいよ シリーズ
435805,The Man from U.N.C.L.E. Collection
436295,Surf's Up Collection
436483,Bad Kids Collection
436982,SPL Collection
437439,Phobia Collection
437451,Cinderella Story Collection
437584,The Falls Collection
437608,Papa ou Maman Collection
437628,Constantine Collection
438087,Topper Collection
438282,Cross Collection
439053,Brooklyn Cigar Store Collection
439409,Fear Collection
439596,Lavalantula Collection
440769,Minions: 3 Mini-Movie Collection
441061,L'allenatore nel pallone - Collezione
441179,Chaar Sahibzaade Collection
441439,Alienation Trilogy
441443,Ukraine Trilogy
441461,Regalo di Natale - Collezione
441682,Klovn
442195,All Hallow's Eve Collection
442237,Mikogami Trilogy / Wanderer Jôkichi
442338,"Rico, Oskar 1, 2 & 3"
442352,Brice Collection
443996,Ghost in the Shell: Stand Alone Complex
444275,Eccezzziunale... veramente Collections
444377,Il tassinaro
444485,Death Note Relight
444665,I due carabinieri Collecion
445049,Il medico della mutua Collection
445118,Mark Collection
445332,Takashi Miike's Black Society Trilogy
446015,Golgo 13 Collection
446782,The Disappearance Of Eleanor Rigby
446792,The Bremen Town Musicians (Collection)
447622,Barbie Mariposa Collection
448150,Deadpool Collection
448468,Grey Gardens Collection
448758,Burnout Collection
449462,Super Troopers Collection
449530,Mystery Woman
449750,Fanny Brice Collection
451539,The Bridge
452146,Old Way Collection
452675,Cleopatra Jones
452942,Megazone 23 Collection
453993,The Wolverine Collection
454520,Captain Harlock Collection
455123,Belle et Sébastien
455278,My Mom is a Character Collection
456576,Journey to the West Collection
456580,No Good Middle-Aged Yakuza Trilogy
456733,The 1997 Trilogy
456734,The Prostitute Trilogy
456778,Max (Collection)
456980,The Paleface Collection
457305,Man of Marble/Iron Collection
457550,Sugata Sanshirō Collection
458017,Tom and Jerry Collection
458095,Super Giant Collection
458558,Mamma Mia! Collection
458697,Macon County Collection
458813,Salt and Pepper Collection
459434,Sherlock Holmes: The Golden Years Collection
460292,The Lone Ranger (Clayton Moore) Collection
460334,Bulldog Drummond (Richard Johnson) Collection
460357,Ada Apa Dengan Cinta? Collection
461755,Napapiirin sankarit
461937,"Sarah, Plain and Tall Collection"
462400,Wanted - Collection
462565,The Secret Garden Collection
463068,Täällä Pohjantähden alla (Timo Koivusalo)
463112,Hailey Dean Mystery Collection
463394,Always: Sunset on Third Street Collection
463398,Black & White Collection
463959,Tangled Collection
464125,Dragon Nest Collection
464270,The Man from Earth Collection
464308,The Nut Job Collection
464374,Ur kärlekens språk
464577,The Croods Collection
464784,The Water of the Hills
466004,A Few Best Men Collection
466318,Bachelor Party Collection
466388,Düğün Dernek Collection
466463,Descendants Collection
466894,Teen Titans Collection
467457,Race Gurram collection
467577,Evil Bong Collection
468039,The Sally Lochhart Mysteries Collection
468222,The Incredibles Collection
468551,Justice League Collection
468552,Wonder Woman Collection
469613,Los Leguineche - Colección
469648,Santas Paw
470274,Killer Crocodile Collection
471435,Wolf Warriors Collection
472781,Inoshika Ocho series
472917,In the Vineyard Collection
473185,Dead in Tombstone Collection
473502,NASU Collection
473730,Ringo Collection
473840,Little Forest Collection
473843,Stake Land Collection
473845,Midnight Diner Collection
473847,The War of Flower Collection
473850,My Sassy Girl Collection
473943,Gonin collection
473971,Daddy's Home Collection
473977,Çalgı Çengi Collection
473983,Hababam Sınıfı Collection
474012,Kocan Kadar Konuş Serisi
474013,Kolpaçino Serisi
474015,Mandıra Filozofu Serisi
474022,Şevkat Yerimdar Serisi
475511,Steal This Film Collection
475520,The Yes Men Collection
475802,Super Size Me Collection
476054,The Hitcher (1986) Collection
476056,Fritz the Cat Collection
476063,Guinea Pig Collection
476065,What the Bleep! Collection
476066,Begotten Collection
476071,The Devil's Carnival Collection
476961,Goon Collection
477050,Takashi Miike's Young Thugs series
477208,DC Super Hero Girls Collection
478244,Spirits' Homecoming Collection
478328,The Houses October Built Collection
478442,Lammbock Collection
478545,American Addict Collection
478628,Sherlock Holmes (1939 series)
478947,Psy Collection
479319,George Carlin Comedy Collection
479549,Joséphine - Saga
479692,Robert
479888,The Thing Collection
479971,Sağ Salim Serisi
480071,"Maria, ihm schmeckt's nicht!"
480160,All of My Heart Collection
