Pais,Anho,NumPatentes,TotalCitas,MediaCitas,MaxCitas
Algeria,1963,2,7,3.5,4
Algeria,1968,1,2,2.0,2
Algeria,1970,1,2,2.0,2
Algeria,1972,1,1,1.0,1
Algeria,1977,1,2,2.0,2
Andorra,1987,1,3,3.0,3
Andorra,1993,1,1,1.0,1
Andorra,1998,1,1,1.0,1
Antigua,1978,1,6,6.0,6
Antigua,1979,1,14,14.0,14
Antigua,1991,1,8,8.0,8
Antigua,1994,1,19,19.0,19
Antigua,1995,2,12,6.0,11
Antigua,1996,2,3,1.5,2
Argentina,1963,14,35,2.5,7
Argentina,1964,20,60,3.0,8
Argentina,1965,10,35,3.5,10
Argentina,1966,16,44,2.75,9
Argentina,1967,13,60,4.615384615384615,14
Argentina,1968,14,80,5.714285714285714,21
Argentina,1969,12,55,4.583333333333333,14
Argentina,1970,20,81,4.05,15
Argentina,1971,15,80,5.333333333333333,15
Argentina,1972,23,136,5.913043478260869,26
Argentina,1973,28,119,4.25,10
Argentina,1974,21,94,4.476190476190476,10
Argentina,1975,19,72,3.789473684210526,14
Argentina,1976,22,144,6.545454545454546,50
Argentina,1977,18,94,5.222222222222222,14
Argentina,1978,21,145,6.904761904761905,16
Argentina,1979,19,96,5.052631578947368,12
Argentina,1980,15,95,6.333333333333333,16
Argentina,1981,24,104,4.333333333333333,13
Argentina,1982,12,67,5.583333333333333,15
Argentina,1983,19,132,6.947368421052632,32
Argentina,1984,17,91,5.352941176470588,14
Argentina,1985,6,37,6.166666666666667,15
Argentina,1986,14,73,5.214285714285714,11
Argentina,1987,17,83,4.882352941176471,24
Argentina,1988,15,63,4.2,19
Argentina,1989,15,84,5.6,16
Argentina,1990,13,36,2.769230769230769,7
Argentina,1991,15,52,3.466666666666667,10
Argentina,1992,18,61,3.388888888888889,11
Argentina,1993,17,148,8.705882352941176,67
Argentina,1994,24,261,10.875,106
Argentina,1995,20,57,2.85,6
Argentina,1996,16,67,4.1875,18
Argentina,1997,15,28,1.8666666666666667,5
Argentina,1998,13,29,2.230769230769231,11
Armenia,1995,1,2,2.0,2
Aruba,1996,1,5,5.0,5
Australia,1963,46,186,4.043478260869565,29
Australia,1964,63,259,4.111111111111111,13
Australia,1965,85,337,3.9647058823529413,29
Australia,1966,91,420,4.615384615384615,31
Australia,1967,104,531,5.105769230769231,26
Australia,1968,100,469,4.69,27
Australia,1969,116,560,4.827586206896552,25
Australia,1970,111,486,4.378378378378378,22
Australia,1971,168,857,5.101190476190476,32
Australia,1972,155,1043,6.7290322580645165,67
Australia,1973,175,902,5.154285714285714,38
Australia,1974,204,1297,6.357843137254902,51
Australia,1975,211,1389,6.5829383886255926,55
Australia,1976,233,1517,6.510729613733906,48
Australia,1977,225,1429,6.351111111111111,48
Australia,1978,255,1466,5.749019607843137,58
Australia,1979,190,1097,5.773684210526316,51
Australia,1980,238,1591,6.684873949579832,70
Australia,1981,284,1843,6.48943661971831,55
Australia,1982,234,1462,6.247863247863248,39
Australia,1983,217,1385,6.382488479262673,63
Australia,1984,263,1572,5.977186311787072,35
Australia,1985,298,1788,6.0,59
Australia,1986,324,1834,5.660493827160494,59
Australia,1987,352,2204,6.261363636363637,81
Australia,1988,368,2022,5.494565217391305,44
Australia,1989,430,2275,5.290697674418604,64
Australia,1990,353,1973,5.589235127478753,45
Australia,1991,377,1939,5.143236074270557,72
Australia,1992,330,1662,5.036363636363636,46
Australia,1993,300,1592,5.306666666666667,71
Australia,1994,356,1355,3.806179775280899,47
Australia,1995,308,1245,4.042207792207792,48
Australia,1996,282,695,2.4645390070921986,23
Australia,1997,211,390,1.8483412322274881,12
Australia,1998,117,170,1.452991452991453,4
Australia,1999,11,11,1.0,1
Austria,1963,58,277,4.775862068965517,31
Austria,1964,61,161,2.639344262295082,19
Austria,1965,99,349,3.525252525252525,21
Austria,1966,100,343,3.43,16
Austria,1967,118,432,3.6610169491525424,25
Austria,1968,125,516,4.128,25
Austria,1969,135,521,3.859259259259259,22
Austria,1970,152,642,4.223684210526316,23
Austria,1971,204,833,4.083333333333333,17
Austria,1972,235,1256,5.3446808510638295,37
Austria,1973,200,1057,5.285,55
Austria,1974,251,1469,5.852589641434263,37
Austria,1975,282,1464,5.191489361702128,21
Austria,1976,267,1543,5.7790262172284645,71
Austria,1977,210,1110,5.285714285714286,21
Austria,1978,242,1316,5.43801652892562,51
Austria,1979,193,1169,6.05699481865285,31
Austria,1980,228,1185,5.197368421052632,29
Austria,1981,235,1333,5.672340425531915,46
Austria,1982,197,1140,5.786802030456853,67
Austria,1983,235,1422,6.051063829787234,93
Austria,1984,215,1169,5.437209302325582,26
Austria,1985,273,1441,5.278388278388278,22
Austria,1986,310,1606,5.180645161290323,45
Austria,1987,305,1581,5.18360655737705,38
Austria,1988,290,1423,4.906896551724138,39
Austria,1989,330,1676,5.078787878787879,40
Austria,1990,318,1404,4.415094339622642,30
Austria,1991,285,1116,3.9157894736842107,18
Austria,1992,286,1079,3.772727272727273,26
Austria,1993,240,826,3.441666666666667,20
Austria,1994,196,622,3.173469387755102,18
Austria,1995,211,596,2.824644549763033,16
Austria,1996,186,420,2.2580645161290325,17
Austria,1997,145,218,1.5034482758620689,4
Austria,1998,73,96,1.3150684931506849,5
Austria,1999,14,14,1.0,1
Azerbaijan,1996,1,4,4.0,4
Bahamas,1963,2,4,2.0,3
Bahamas,1964,3,6,2.0,2
Bahamas,1965,1,4,4.0,4
Bahamas,1966,1,7,7.0,7
Bahamas,1967,2,10,5.0,7
Bahamas,1968,2,12,6.0,6
Bahamas,1969,7,58,8.285714285714286,15
Bahamas,1971,6,33,5.5,9
Bahamas,1972,3,27,9.0,17
Bahamas,1973,3,35,11.666666666666666,27
Bahamas,1974,7,23,3.2857142857142856,7
Bahamas,1975,4,9,2.25,3
Bahamas,1976,5,25,5.0,8
Bahamas,1977,4,10,2.5,5
Bahamas,1978,6,53,8.833333333333334,23
Bahamas,1979,4,46,11.5,24
Bahamas,1980,4,43,10.75,26
Bahamas,1981,8,76,9.5,35
Bahamas,1982,2,11,5.5,7
Bahamas,1983,4,48,12.0,18
Bahamas,1984,3,12,4.0,5
Bahamas,1985,5,35,7.0,16
Bahamas,1987,2,23,11.5,17
Bahamas,1988,3,11,3.6666666666666665,4
Bahamas,1989,5,32,6.4,14
Bahamas,1990,2,3,1.5,2
Bahamas,1991,4,36,9.0,18
Bahamas,1992,2,10,5.0,7
Bahamas,1993,2,8,4.0,7
Bahamas,1994,2,16,8.0,12
Bahamas,1995,3,11,3.6666666666666665,8
Bahamas,1996,2,21,10.5,14
Bahamas,1997,3,17,5.666666666666667,14
Bahamas,1998,7,8,1.1428571428571428,2
Barbados,1967,1,2,2.0,2
Barbados,1975,2,40,20.0,38
Barbados,1977,1,26,26.0,26
Barbados,1986,1,24,24.0,24
Belarus,1994,2,15,7.5,11
Belarus,1995,3,22,7.333333333333333,18
Belarus,1996,4,25,6.25,8
Belarus,1997,2,7,3.5,5
Belarus,1998,1,1,1.0,1
Belgium,1963,46,170,3.6956521739130435,24
Belgium,1964,92,322,3.5,18
Belgium,1965,130,470,3.6153846153846154,29
Belgium,1966,138,585,4.239130434782608,20
Belgium,1967,120,548,4.566666666666666,23
Belgium,1968,127,490,3.858267716535433,30
Belgium,1969,166,849,5.114457831325301,37
Belgium,1970,166,791,4.765060240963855,52
Belgium,1971,247,1160,4.696356275303644,37
Belgium,1972,285,1784,6.2596491228070175,131
Belgium,1973,238,1490,6.260504201680672,81
Belgium,1974,298,1974,6.624161073825503,87
Belgium,1975,246,1481,6.020325203252033,78
Belgium,1976,299,1912,6.394648829431438,73
Belgium,1977,223,1276,5.721973094170403,23
Belgium,1978,238,1696,7.126050420168068,43
Belgium,1979,159,1268,7.9748427672955975,50
Belgium,1980,219,1513,6.908675799086758,36
Belgium,1981,238,1509,6.340336134453781,47
Belgium,1982,204,1397,6.848039215686274,72
Belgium,1983,183,1365,7.459016393442623,146
Belgium,1984,222,1681,7.572072072072072,76
Belgium,1985,213,1411,6.624413145539906,43
Belgium,1986,208,1360,6.538461538461538,36
Belgium,1987,255,1604,6.290196078431372,55
Belgium,1988,262,1639,6.255725190839694,37
Belgium,1989,313,1808,5.776357827476039,50
Belgium,1990,270,1361,5.04074074074074,36
Belgium,1991,268,1460,5.447761194029851,69
Belgium,1992,272,1408,5.176470588235294,87
Belgium,1993,277,1397,5.043321299638989,46
Belgium,1994,257,937,3.6459143968871595,45
Belgium,1995,286,1105,3.8636363636363638,30
Belgium,1996,292,978,3.3493150684931505,28
Belgium,1997,221,457,2.067873303167421,16
Belgium,1998,144,236,1.6388888888888888,11
Belgium,1999,13,16,1.2307692307692308,2
Belize,1976,1,10,10.0,10
Bermuda,1975,1,11,11.0,11
Bermuda,1976,2,7,3.5,4
Bermuda,1977,1,8,8.0,8
Bermuda,1979,1,6,6.0,6
Bermuda,1980,1,8,8.0,8
Bermuda,1981,2,8,4.0,5
Bermuda,1982,1,7,7.0,7
Bermuda,1983,1,1,1.0,1
Bermuda,1984,2,19,9.5,16
Bermuda,1985,1,1,1.0,1
Bermuda,1986,2,10,5.0,6
Bermuda,1987,4,22,5.5,9
Bermuda,1988,4,41,10.25,26
Bermuda,1989,6,18,3.0,5
Bermuda,1990,1,3,3.0,3
Bermuda,1991,1,12,12.0,12
Bermuda,1992,1,3,3.0,3
Bermuda,1994,1,6,6.0,6
Bermuda,1995,1,1,1.0,1
Bermuda,1996,1,1,1.0,1
Bermuda,1997,1,1,1.0,1
Bolivia,1967,1,2,2.0,2
Bolivia,1968,1,3,3.0,3
Bolivia,1969,2,11,5.5,7
Bolivia,1970,6,55,9.166666666666666,23
Bolivia,1971,6,66,11.0,32
Bolivia,1972,4,26,6.5,13
Bolivia,1973,5,47,9.4,14
Bolivia,1974,5,40,8.0,27
Bolivia,1976,1,8,8.0,8
Bolivia,1977,1,5,5.0,5
Bolivia,1978,1,12,12.0,12
Bolivia,1980,1,4,4.0,4
Bolivia,1981,1,4,4.0,4
Bolivia,1985,1,4,4.0,4
Bolivia,1987,2,3,1.5,2
Bolivia,1989,1,4,4.0,4
Brazil,1963,13,36,2.769230769230769,6
Brazil,1964,3,4,1.3333333333333333,2
Brazil,1965,9,28,3.111111111111111,7
Brazil,1966,13,46,3.5384615384615383,8
Brazil,1967,10,27,2.7,5
Brazil,1968,11,48,4.363636363636363,15
Brazil,1969,13,83,6.384615384615385,25
Brazil,1970,13,42,3.230769230769231,12
Brazil,1971,11,52,4.7272727272727275,11
Brazil,1972,13,39,3.0,7
Brazil,1973,15,78,5.2,12
Brazil,1974,18,71,3.9444444444444446,16
Brazil,1975,13,67,5.153846153846154,13
Brazil,1976,16,101,6.3125,19
Brazil,1977,17,117,6.882352941176471,55
Brazil,1978,22,153,6.954545454545454,36
Brazil,1979,16,70,4.375,13
Brazil,1980,22,108,4.909090909090909,25
Brazil,1981,19,105,5.526315789473684,17
Brazil,1982,24,124,5.166666666666667,19
Brazil,1983,13,69,5.3076923076923075,14
Brazil,1984,18,91,5.055555555555555,22
Brazil,1985,26,180,6.923076923076923,39
Brazil,1986,21,127,6.0476190476190474,34
Brazil,1987,29,154,5.310344827586207,20
Brazil,1988,26,154,5.923076923076923,21
Brazil,1989,31,140,4.516129032258065,21
Brazil,1990,32,159,4.96875,28
Brazil,1991,44,153,3.477272727272727,17
Brazil,1992,31,122,3.935483870967742,15
Brazil,1993,43,133,3.0930232558139537,13
Brazil,1994,41,96,2.341463414634146,7
Brazil,1995,40,93,2.325,7
Brazil,1996,42,78,1.8571428571428572,7
Brazil,1997,23,37,1.608695652173913,6
Brazil,1998,15,20,1.3333333333333333,2
Brazil,1999,1,1,1.0,1
British,1984,1,5,5.0,5
British,1986,1,1,1.0,1
British,1993,1,2,2.0,2
British,1994,1,1,1.0,1
British,1997,1,2,2.0,2
British,1998,1,1,1.0,1
Brunei,1986,1,4,4.0,4
Bulgaria,1964,1,5,5.0,5
Bulgaria,1965,1,3,3.0,3
Bulgaria,1967,4,49,12.25,41
Bulgaria,1968,1,2,2.0,2
Bulgaria,1969,6,44,7.333333333333333,24
Bulgaria,1970,7,31,4.428571428571429,13
Bulgaria,1971,8,37,4.625,9
Bulgaria,1972,10,49,4.9,7
Bulgaria,1973,16,46,2.875,8
Bulgaria,1974,11,51,4.636363636363637,14
Bulgaria,1975,18,61,3.388888888888889,7
Bulgaria,1976,18,98,5.444444444444445,15
Bulgaria,1977,25,111,4.44,17
Bulgaria,1978,29,150,5.172413793103448,22
Bulgaria,1979,11,47,4.2727272727272725,8
Bulgaria,1980,18,71,3.9444444444444446,17
Bulgaria,1981,20,144,7.2,44
Bulgaria,1982,10,31,3.1,8
Bulgaria,1983,15,83,5.533333333333333,16
Bulgaria,1984,17,71,4.176470588235294,17
Bulgaria,1985,18,60,3.3333333333333335,8
Bulgaria,1986,13,81,6.230769230769231,22
Bulgaria,1987,23,71,3.0869565217391304,20
Bulgaria,1988,16,58,3.625,12
Bulgaria,1989,11,89,8.090909090909092,38
Bulgaria,1990,17,49,2.8823529411764706,10
Bulgaria,1991,5,15,3.0,7
Bulgaria,1992,2,6,3.0,5
Bulgaria,1993,4,5,1.25,2
Bulgaria,1994,1,2,2.0,2
Bulgaria,1995,1,2,2.0,2
Bulgaria,1996,1,1,1.0,1
Bulgaria,1997,2,2,1.0,1
Cameroon,1966,1,4,4.0,4
Cameroon,1972,1,11,11.0,11
Canada,1963,443,1700,3.8374717832957113,99
Canada,1964,484,1965,4.059917355371901,29
Canada,1965,638,2673,4.189655172413793,34
Canada,1966,719,3166,4.403337969401947,41
Canada,1967,754,3525,4.675066312997347,38
Canada,1968,711,3166,4.452883263009845,42
Canada,1969,801,3792,4.734082397003745,39
Canada,1970,881,4057,4.604994324631101,32
Canada,1971,1128,5834,5.171985815602837,35
Canada,1972,1086,6156,5.668508287292818,120
Canada,1973,1200,7052,5.876666666666667,56
Canada,1974,1203,7375,6.1305070656691605,104
Canada,1975,1160,7954,6.856896551724138,129
Canada,1976,1071,7087,6.617180205415499,102
Canada,1977,1095,7558,6.902283105022831,57
Canada,1978,1123,7477,6.658058771148709,72
Canada,1979,771,5230,6.783398184176394,55
Canada,1980,977,6425,6.576253838280451,55
Canada,1981,1043,7307,7.00575263662512,64
Canada,1982,916,6564,7.165938864628821,89
Canada,1983,904,6383,7.060840707964601,89
Canada,1984,1102,7870,7.1415607985480944,134
Canada,1985,1207,8515,7.054681027340513,62
Canada,1986,1193,8467,7.09723386420788,116
Canada,1987,1451,10544,7.26671261199173,90
Canada,1988,1326,9183,6.925339366515837,81
Canada,1989,1735,10767,6.205763688760807,99
Canada,1990,1643,10037,6.108947048082776,104
Canada,1991,1765,10506,5.952407932011331,153
Canada,1992,1677,9677,5.770423375074538,137
Canada,1993,1609,8308,5.163455562461156,64
Canada,1994,1608,7724,4.803482587064677,184
Canada,1995,1540,5910,3.8376623376623376,47
Canada,1996,1471,4488,3.0509857239972806,32
Canada,1997,1162,2590,2.2289156626506026,52
Canada,1998,782,1217,1.5562659846547315,10
Canada,1999,97,106,1.092783505154639,3
Cayman,1976,2,11,5.5,9
Cayman,1977,1,9,9.0,9
Cayman,1979,1,6,6.0,6
Cayman,1982,1,2,2.0,2
Cayman,1983,1,7,7.0,7
Cayman,1985,1,14,14.0,14
Cayman,1988,1,21,21.0,21
Cayman,1990,1,10,10.0,10
Cayman,1991,1,3,3.0,3
Cayman,1992,4,34,8.5,15
Cayman,1993,1,6,6.0,6
Cayman,1996,3,4,1.3333333333333333,2
Cayman,1997,4,6,1.5,2
Cayman,1998,2,2,1.0,1
Chad,1977,1,1,1.0,1
Chile,1963,1,4,4.0,4
Chile,1964,1,1,1.0,1
Chile,1965,3,4,1.3333333333333333,2
Chile,1966,1,4,4.0,4
Chile,1967,3,12,4.0,7
Chile,1968,2,14,7.0,13
Chile,1969,8,32,4.0,8
Chile,1970,2,2,1.0,1
Chile,1971,7,44,6.285714285714286,12
Chile,1972,3,15,5.0,7
Chile,1973,5,34,6.8,22
Chile,1974,2,14,7.0,12
Chile,1975,6,46,7.666666666666667,28
Chile,1976,1,1,1.0,1
Chile,1977,3,8,2.6666666666666665,4
Chile,1978,3,8,2.6666666666666665,5
Chile,1979,1,3,3.0,3
Chile,1980,5,36,7.2,22
Chile,1981,1,1,1.0,1
Chile,1982,1,6,6.0,6
Chile,1983,1,8,8.0,8
Chile,1984,3,8,2.6666666666666665,5
Chile,1985,2,23,11.5,14
Chile,1986,1,2,2.0,2
Chile,1987,3,4,1.3333333333333333,2
Chile,1988,4,24,6.0,12
Chile,1989,1,2,2.0,2
Chile,1990,1,3,3.0,3
Chile,1991,6,20,3.3333333333333335,5
Chile,1992,2,2,1.0,1
Chile,1993,5,13,2.6,6
Chile,1994,7,15,2.142857142857143,6
Chile,1995,4,4,1.0,1
Chile,1996,2,4,2.0,3
Chile,1997,2,2,1.0,1
Chile,1998,5,6,1.2,2
China,1963,2,7,3.5,6
China,1964,2,6,3.0,5
China,1965,3,17,5.666666666666667,8
China,1966,1,1,1.0,1
China,1967,8,38,4.75,10
China,1968,4,9,2.25,4
China,1969,3,6,2.0,4
China,1970,4,33,8.25,19
China,1971,13,50,3.8461538461538463,15
China,1972,5,14,2.8,6
China,1973,9,23,2.5555555555555554,5
China,1974,17,111,6.529411764705882,22
China,1975,1,2,2.0,2
China,1976,5,23,4.6,8
China,1977,1,3,3.0,3
China,1979,1,2,2.0,2
China,1980,1,2,2.0,2
China,1981,3,21,7.0,9
China,1983,1,8,8.0,8
China,1984,1,6,6.0,6
China,1985,1,9,9.0,9
China,1986,5,18,3.6,8
China,1987,19,115,6.052631578947368,22
China,1988,41,213,5.195121951219512,25
China,1989,41,250,6.097560975609756,33
China,1990,36,260,7.222222222222222,35
China,1991,40,221,5.525,39
China,1992,27,102,3.7777777777777777,15
China,1993,41,158,3.8536585365853657,24
China,1994,34,95,2.7941176470588234,11
China,1995,34,62,1.8235294117647058,7
China,1996,28,55,1.9642857142857142,6
China,1997,20,29,1.45,3
China,1998,16,20,1.25,4
China,1999,3,3,1.0,1
Cocos,1989,1,5,5.0,5
Colombia,1964,2,4,2.0,2
Colombia,1965,4,10,2.5,6
Colombia,1966,5,86,17.2,35
Colombia,1967,4,27,6.75,21
Colombia,1968,2,11,5.5,8
Colombia,1969,5,23,4.6,9
Colombia,1970,4,66,16.5,31
Colombia,1971,6,49,8.166666666666666,30
Colombia,1972,7,90,12.857142857142858,36
Colombia,1973,5,27,5.4,12
Colombia,1974,4,49,12.25,24
Colombia,1975,3,54,18.0,34
Colombia,1976,3,16,5.333333333333333,12
Colombia,1977,2,10,5.0,5
Colombia,1978,6,57,9.5,24
Colombia,1979,2,27,13.5,26
Colombia,1980,1,21,21.0,21
Colombia,1981,4,4,1.0,1
Colombia,1982,4,18,4.5,5
Colombia,1983,5,30,6.0,13
Colombia,1984,3,17,5.666666666666667,8
Colombia,1985,3,31,10.333333333333334,20
Colombia,1986,4,19,4.75,11
Colombia,1987,3,8,2.6666666666666665,4
Colombia,1988,4,19,4.75,6
Colombia,1989,2,5,2.5,4
Colombia,1990,4,15,3.75,11
Colombia,1991,3,5,1.6666666666666667,3
Colombia,1992,3,20,6.666666666666667,18
Colombia,1993,5,8,1.6,2
Colombia,1994,2,2,1.0,1
Colombia,1996,4,15,3.75,5
Colombia,1997,2,2,1.0,1
Colombia,1998,2,3,1.5,2
Costa,1963,1,5,5.0,5
Costa,1965,2,23,11.5,16
Costa,1967,2,3,1.5,2
Costa,1971,1,12,12.0,12
Costa,1974,1,2,2.0,2
Costa,1975,2,5,2.5,3
Costa,1976,2,5,2.5,4
Costa,1977,1,30,30.0,30
Costa,1978,2,5,2.5,3
Costa,1979,2,19,9.5,13
Costa,1980,2,8,4.0,4
Costa,1981,5,27,5.4,11
Costa,1982,2,6,3.0,4
Costa,1985,2,7,3.5,6
Costa,1987,1,17,17.0,17
Costa,1988,2,21,10.5,17
Costa,1989,1,7,7.0,7
Costa,1990,2,7,3.5,6
Costa,1991,1,4,4.0,4
Costa,1992,1,1,1.0,1
Costa,1993,1,4,4.0,4
Costa,1994,1,5,5.0,5
Costa,1995,3,4,1.3333333333333333,2
Costa,1997,2,4,2.0,2
Cote,1973,1,4,4.0,4
Cote,1977,1,18,18.0,18
Cote,1982,1,11,11.0,11
Cote,1987,1,5,5.0,5
Croatia,1993,2,6,3.0,3
Croatia,1995,2,3,1.5,2
Croatia,1997,1,1,1.0,1
Croatia,1998,1,1,1.0,1
Cuba,1963,7,14,2.0,4
Cuba,1964,1,5,5.0,5
Cuba,1965,1,2,2.0,2
Cuba,1970,1,2,2.0,2
Cuba,1971,2,20,10.0,18
Cuba,1972,1,1,1.0,1
Cuba,1974,1,6,6.0,6
Cuba,1977,1,6,6.0,6
Cuba,1978,1,1,1.0,1
Cuba,1979,2,7,3.5,5
Cuba,1984,2,5,2.5,3
Cuba,1985,1,2,2.0,2
Cuba,1986,1,17,17.0,17
Cuba,1987,1,11,11.0,11
Cuba,1989,1,12,12.0,12
Cuba,1994,3,18,6.0,13
Cuba,1997,1,2,2.0,2
Cyprus,1968,1,6,6.0,6
Cyprus,1970,1,1,1.0,1
Cyprus,1979,1,4,4.0,4
Cyprus,1982,1,5,5.0,5
Cyprus,1984,1,2,2.0,2
Cyprus,1986,1,5,5.0,5
Cyprus,1988,1,15,15.0,15
Cyprus,1989,2,2,1.0,1
Cyprus,1990,3,8,2.6666666666666665,4
Cyprus,1994,2,16,8.0,12
Cyprus,1995,3,4,1.3333333333333333,2
Cyprus,1997,1,1,1.0,1
Czech,1994,1,1,1.0,1
Czech,1995,1,4,4.0,4
Czech,1996,3,7,2.3333333333333335,5
Czech,1997,2,4,2.0,2
Czech,1998,3,4,1.3333333333333333,2
Czechoslovakia,1963,23,66,2.869565217391304,9
Czechoslovakia,1964,23,90,3.9130434782608696,15
Czechoslovakia,1965,38,231,6.078947368421052,111
Czechoslovakia,1966,27,117,4.333333333333333,17
Czechoslovakia,1967,73,240,3.287671232876712,16
Czechoslovakia,1968,70,370,5.285714285714286,40
Czechoslovakia,1969,94,447,4.75531914893617,35
Czechoslovakia,1970,98,529,5.3979591836734695,37
Czechoslovakia,1971,127,512,4.031496062992126,50
Czechoslovakia,1972,91,492,5.406593406593407,58
Czechoslovakia,1973,80,444,5.55,27
Czechoslovakia,1974,93,476,5.118279569892473,20
Czechoslovakia,1975,94,481,5.117021276595745,19
Czechoslovakia,1976,93,508,5.462365591397849,35
Czechoslovakia,1977,77,450,5.8441558441558445,38
Czechoslovakia,1978,76,396,5.2105263157894735,26
Czechoslovakia,1979,40,228,5.7,32
Czechoslovakia,1980,44,221,5.0227272727272725,18
Czechoslovakia,1981,34,189,5.5588235294117645,19
Czechoslovakia,1982,39,226,5.794871794871795,20
Czechoslovakia,1983,32,129,4.03125,19
Czechoslovakia,1984,24,114,4.75,30
Czechoslovakia,1985,43,210,4.883720930232558,22
Czechoslovakia,1986,28,145,5.178571428571429,38
Czechoslovakia,1987,42,210,5.0,24
Czechoslovakia,1988,28,114,4.071428571428571,48
Czechoslovakia,1989,25,131,5.24,27
Czechoslovakia,1990,29,108,3.7241379310344827,11
Czechoslovakia,1991,22,58,2.6363636363636362,8
Czechoslovakia,1992,9,50,5.555555555555555,26
Czechoslovakia,1993,5,31,6.2,13
Czechoslovakia,1994,13,48,3.6923076923076925,8
Czechoslovakia,1995,10,37,3.7,10
Czechoslovakia,1996,3,7,2.3333333333333335,3
Czechoslovakia,1997,6,8,1.3333333333333333,3
Czechoslovakia,1998,2,2,1.0,1
Denmark,1963,53,179,3.3773584905660377,16
Denmark,1964,44,157,3.5681818181818183,34
Denmark,1965,68,234,3.4411764705882355,29
Denmark,1966,70,333,4.757142857142857,16
Denmark,1967,90,396,4.4,35
Denmark,1968,68,287,4.220588235294118,16
Denmark,1969,122,609,4.991803278688525,29
Denmark,1970,112,539,4.8125,38
Denmark,1971,131,567,4.32824427480916,42
Denmark,1972,149,713,4.785234899328859,32
Denmark,1973,130,704,5.415384615384616,28
Denmark,1974,152,737,4.848684210526316,21
Denmark,1975,123,787,6.3983739837398375,61
Denmark,1976,151,999,6.6158940397351,57
Denmark,1977,130,853,6.561538461538461,46
Denmark,1978,147,770,5.238095238095238,44
Denmark,1979,96,675,7.03125,47
Denmark,1980,136,961,7.0661764705882355,42
Denmark,1981,113,791,7.0,58
Denmark,1982,105,646,6.152380952380953,25
Denmark,1983,111,653,5.882882882882883,62
Denmark,1984,135,814,6.029629629629629,56
Denmark,1985,166,951,5.728915662650603,78
Denmark,1986,160,1096,6.85,81
Denmark,1987,175,1301,7.434285714285714,53
Denmark,1988,127,724,5.700787401574803,48
Denmark,1989,184,1063,5.7771739130434785,44
Denmark,1990,135,853,6.318518518518519,63
Denmark,1991,173,1048,6.057803468208093,51
Denmark,1992,153,858,5.607843137254902,46
Denmark,1993,148,638,4.3108108108108105,55
Denmark,1994,154,595,3.8636363636363638,41
Denmark,1995,144,437,3.0347222222222223,22
Denmark,1996,136,350,2.573529411764706,12
Denmark,1997,121,223,1.8429752066115703,7
Denmark,1998,83,105,1.2650602409638554,3
Denmark,1999,5,5,1.0,1
Dominican,1964,2,6,3.0,5
Dominican,1972,1,1,1.0,1
Dominican,1973,1,4,4.0,4
Dominican,1975,1,1,1.0,1
Dominican,1978,1,3,3.0,3
Dominican,1981,1,1,1.0,1
Dominican,1984,1,16,16.0,16
Dominican,1986,1,6,6.0,6
Dominican,1990,1,5,5.0,5
Dominican,1991,2,5,2.5,3
Dominican,1993,1,2,2.0,2
Ecuador,1963,1,2,2.0,2
Ecuador,1967,1,3,3.0,3
Ecuador,1969,1,5,5.0,5
Ecuador,1973,2,6,3.0,4
Ecuador,1974,1,7,7.0,7
Ecuador,1975,1,2,2.0,2
Ecuador,1976,1,1,1.0,1
Ecuador,1979,1,34,34.0,34
Ecuador,1980,1,7,7.0,7
Ecuador,1981,1,2,2.0,2
Ecuador,1985,1,1,1.0,1
Ecuador,1986,2,2,1.0,1
Ecuador,1989,1,19,19.0,19
Ecuador,1990,2,8,4.0,7
Ecuador,1991,2,3,1.5,2
Ecuador,1992,1,2,2.0,2
Ecuador,1994,2,8,4.0,5
Ecuador,1998,1,1,1.0,1
Egypt,1965,1,1,1.0,1
Egypt,1966,2,5,2.5,4
Egypt,1967,4,16,4.0,6
Egypt,1971,2,23,11.5,18
Egypt,1972,1,5,5.0,5
Egypt,1973,2,24,12.0,19
Egypt,1974,1,2,2.0,2
Egypt,1975,2,41,20.5,23
Egypt,1976,1,4,4.0,4
Egypt,1980,2,64,32.0,34
Egypt,1981,2,7,3.5,4
Egypt,1982,1,1,1.0,1
Egypt,1984,1,2,2.0,2
Egypt,1985,2,8,4.0,6
Egypt,1986,2,18,9.0,16
Egypt,1989,4,24,6.0,16
Egypt,1991,3,26,8.666666666666666,19
Egypt,1992,1,13,13.0,13
Egypt,1993,1,1,1.0,1
Egypt,1994,2,17,8.5,12
Egypt,1995,3,14,4.666666666666667,9
Egypt,1996,2,6,3.0,4
Egypt,1997,1,1,1.0,1
El,1965,1,6,6.0,6
El,1966,1,1,1.0,1
El,1967,1,4,4.0,4
El,1968,1,1,1.0,1
El,1969,3,4,1.3333333333333333,2
El,1971,1,3,3.0,3
El,1974,1,9,9.0,9
El,1975,2,15,7.5,11
El,1976,2,5,2.5,3
El,1977,2,9,4.5,5
El,1978,3,12,4.0,7
El,1983,1,1,1.0,1
El,1988,2,3,1.5,2
El,1995,1,2,2.0,2
El,1997,1,2,2.0,2
El,1998,1,1,1.0,1
Estonia,1995,1,1,1.0,1
Ethiopia,1970,1,3,3.0,3
Faroe,1993,1,3,3.0,3
Finland,1963,15,39,2.6,13
Finland,1964,5,10,2.0,4
Finland,1965,16,44,2.75,14
Finland,1966,21,59,2.8095238095238093,8
Finland,1967,25,89,3.56,15
Finland,1968,20,131,6.55,20
Finland,1969,34,190,5.588235294117647,19
Finland,1970,42,180,4.285714285714286,18
Finland,1971,48,186,3.875,12
Finland,1972,61,261,4.278688524590164,17
Finland,1973,75,305,4.066666666666666,15
Finland,1974,100,579,5.79,23
Finland,1975,84,554,6.595238095238095,51
Finland,1976,98,570,5.816326530612245,26
Finland,1977,95,607,6.389473684210526,86
Finland,1978,111,629,5.666666666666667,26
Finland,1979,72,418,5.805555555555555,24
Finland,1980,109,597,5.477064220183486,38
Finland,1981,128,760,5.9375,33
Finland,1982,106,628,5.9245283018867925,41
Finland,1983,104,639,6.144230769230769,50
Finland,1984,140,849,6.064285714285714,77
Finland,1985,162,1069,6.598765432098766,44
Finland,1986,187,1240,6.6310160427807485,82
Finland,1987,245,1281,5.228571428571429,31
Finland,1988,187,998,5.336898395721925,34
Finland,1989,189,894,4.73015873015873,23
Finland,1990,256,1336,5.21875,35
Finland,1991,275,1278,4.647272727272727,34
Finland,1992,297,1371,4.616161616161616,45
Finland,1993,217,895,4.124423963133641,43
Finland,1994,236,870,3.6864406779661016,29
Finland,1995,261,1055,4.042145593869732,27
Finland,1996,265,871,3.2867924528301886,30
Finland,1997,174,397,2.281609195402299,10
Finland,1998,150,234,1.56,11
Finland,1999,16,18,1.125,2
France,1963,583,1980,3.3962264150943398,35
France,1964,703,2526,3.593172119487909,40
France,1965,968,3622,3.7417355371900825,49
France,1966,1064,4188,3.93609022556391,34
France,1967,1125,4197,3.7306666666666666,66
France,1968,1092,4335,3.96978021978022,83
France,1969,1348,5771,4.281157270029674,62
France,1970,1344,6327,4.707589285714286,59
France,1971,1773,8403,4.739424703891709,90
France,1972,1861,9485,5.096722192369694,56
France,1973,1840,10034,5.453260869565217,48
France,1974,2229,12711,5.702557200538358,112
France,1975,2072,12339,5.9551158301158305,71
France,1976,2129,13418,6.3024894316580555,73
France,1977,1897,12549,6.6151818661043755,94
France,1978,1869,12216,6.536115569823435,95
France,1979,1437,9141,6.361169102296451,83
France,1980,1828,11729,6.416301969365427,116
France,1981,1912,12007,6.279811715481172,95
France,1982,1768,11293,6.387443438914027,84
France,1983,1666,10945,6.569627851140456,69
France,1984,1902,12548,6.59726603575184,72
France,1985,2116,12922,6.106805293005671,78
France,1986,2075,12822,6.179277108433735,92
France,1987,2512,15312,6.095541401273885,72
France,1988,2316,13540,5.846286701208981,108
France,1989,2694,15010,5.5716406829992575,117
France,1990,2354,12777,5.427782497875956,221
France,1991,2482,12230,4.927477840451249,68
France,1992,2373,10930,4.60598398651496,49
France,1993,2199,9599,4.365165984538427,130
France,1994,2074,7953,3.834619093539055,42
France,1995,1848,5887,3.1856060606060606,45
France,1996,1598,4235,2.6501877346683353,34
France,1997,1260,2419,1.91984126984127,21
France,1998,795,1111,1.3974842767295597,13
France,1999,82,88,1.0731707317073171,2
French,1979,1,2,2.0,2
French,1991,1,4,4.0,4
Germany,1963,1547,5616,3.630252100840336,39
Germany,1964,1642,6267,3.8166869671132764,70
Germany,1965,2421,9484,3.917389508467575,54
Germany,1966,2838,11162,3.933051444679352,74
Germany,1967,2818,11434,4.057487579843861,56
Germany,1968,2619,10577,4.038564337533409,42
Germany,1969,3477,15380,4.423353465631291,135
Germany,1970,3444,15236,4.423925667828107,131
Germany,1971,4511,21361,4.73531367767679,60
Germany,1972,4782,25456,5.323295692179005,234
Germany,1973,4792,27150,5.665692821368948,74
Germany,1974,5355,31187,5.8239028944911295,99
Germany,1975,5354,32778,6.122151662308554,80
Germany,1976,5445,33353,6.125436179981635,83
Germany,1977,4940,31012,6.277732793522267,134
Germany,1978,5220,33210,6.362068965517241,86
Germany,1979,4047,25837,6.384235235977267,75
Germany,1980,5122,31269,6.104841858648966,147
Germany,1981,5599,34925,6.237721021611002,115
Germany,1982,4837,30312,6.26669423196196,68
Germany,1983,4824,29762,6.169568822553897,90
Germany,1984,5571,33746,6.057440315921737,121
Germany,1985,5952,36159,6.075100806451613,124
Germany,1986,6038,35994,5.961245445511759,125
Germany,1987,6939,40600,5.850987173944373,262
Germany,1988,6344,35911,5.66062421185372,232
Germany,1989,7098,37690,5.309946463792618,117
Germany,1990,6320,31866,5.042088607594937,109
Germany,1991,6266,30159,4.8131184168528565,91
Germany,1992,5757,25248,4.385617509119333,111
Germany,1993,5185,20408,3.935969141755063,65
Germany,1994,4896,17753,3.6260212418300655,127
Germany,1995,4402,13315,3.0247614720581555,62
Germany,1996,3942,9500,2.4099441907661086,37
Germany,1997,2868,5102,1.7789400278940029,14
Germany,1998,1911,2593,1.3568812140240711,9
Germany,1999,179,195,1.089385474860335,3
Ghana,1977,1,1,1.0,1
Ghana,1994,1,1,1.0,1
Great,1963,1177,3970,3.372982158028887,40
Great,1964,1196,3994,3.339464882943144,55
Great,1965,1766,6544,3.7055492638731597,71
Great,1966,1875,7195,3.8373333333333335,72
Great,1967,2037,8047,3.9504172803141877,56
Great,1968,1842,7630,4.142236699239956,46
Great,1969,2383,10156,4.261854804867814,47
Great,1970,2320,10937,4.714224137931034,48
Great,1971,2834,14276,5.037402964008469,166
Great,1972,2709,15597,5.7574750830564785,114
Great,1973,2463,14475,5.876979293544458,129
Great,1974,2761,17232,6.241216950380297,96
Great,1975,2735,18483,6.757952468007312,103
Great,1976,2675,18536,6.929345794392523,122
Great,1977,2395,17692,7.38705636743215,206
Great,1978,2465,16943,6.87342799188641,89
Great,1979,1714,12676,7.3955659276546095,81
Great,1980,2127,14787,6.952045133991537,77
Great,1981,2193,15683,7.151390788873689,83
Great,1982,1907,13469,7.062926061877294,79
Great,1983,1729,12457,7.204742625795258,82
Great,1984,1999,14322,7.164582291145573,109
Great,1985,2239,15836,7.072800357302367,111
Great,1986,2148,15756,7.335195530726257,99
Great,1987,2446,17209,7.03556827473426,103
Great,1988,2289,14754,6.445609436435125,132
Great,1989,2639,16872,6.3933308071239106,93
Great,1990,2365,14307,6.049471458773785,67
Great,1991,2348,12855,5.4748722316865415,74
Great,1992,1948,10314,5.294661190965092,90
Great,1993,1806,9444,5.229235880398671,95
Great,1994,1658,7138,4.30518697225573,41
Great,1995,1720,6277,3.6494186046511627,52
Great,1996,1541,4534,2.942245295262816,44
Great,1997,1230,2608,2.1203252032520323,16
Great,1998,805,1228,1.5254658385093167,9
Great,1999,90,101,1.1222222222222222,3
Greece,1963,4,20,5.0,9
Greece,1964,1,1,1.0,1
Greece,1965,2,9,4.5,5
Greece,1966,3,4,1.3333333333333333,2
Greece,1967,12,80,6.666666666666667,28
Greece,1968,3,16,5.333333333333333,9
Greece,1969,8,34,4.25,11
Greece,1970,8,43,5.375,11
Greece,1971,5,30,6.0,20
Greece,1972,15,98,6.533333333333333,30
Greece,1973,11,52,4.7272727272727275,14
Greece,1974,14,103,7.357142857142857,35
Greece,1975,9,54,6.0,13
Greece,1976,11,53,4.818181818181818,16
Greece,1977,6,35,5.833333333333333,9
Greece,1978,5,39,7.8,21
Greece,1979,6,30,5.0,13
Greece,1980,2,6,3.0,5
Greece,1981,5,29,5.8,8
Greece,1982,5,19,3.8,7
Greece,1983,5,18,3.6,6
Greece,1984,6,20,3.3333333333333335,6
Greece,1985,6,65,10.833333333333334,46
Greece,1986,7,25,3.5714285714285716,8
Greece,1987,2,7,3.5,5
Greece,1988,7,34,4.857142857142857,12
Greece,1989,6,14,2.3333333333333335,7
Greece,1990,8,79,9.875,46
Greece,1991,11,28,2.5454545454545454,7
Greece,1992,5,32,6.4,11
Greece,1993,5,23,4.6,13
Greece,1994,12,42,3.5,18
Greece,1995,5,7,1.4,3
Greece,1996,9,26,2.888888888888889,7
Greece,1997,3,4,1.3333333333333333,2
Greece,1998,3,3,1.0,1
Greenland,1985,1,5,5.0,5
Guadeloupe,1988,1,22,22.0,22
Guatemala,1963,2,8,4.0,4
Guatemala,1965,1,2,2.0,2
Guatemala,1966,4,13,3.25,5
Guatemala,1967,3,20,6.666666666666667,11
Guatemala,1969,4,27,6.75,10
Guatemala,1970,2,7,3.5,4
Guatemala,1971,1,3,3.0,3
Guatemala,1973,7,63,9.0,18
Guatemala,1974,3,6,2.0,3
Guatemala,1975,1,2,2.0,2
Guatemala,1976,1,3,3.0,3
Guatemala,1977,4,20,5.0,12
Guatemala,1981,1,2,2.0,2
Guatemala,1984,2,10,5.0,7
Guatemala,1985,1,1,1.0,1
Guatemala,1987,2,5,2.5,3
Guatemala,1990,1,1,1.0,1
Guatemala,1993,1,3,3.0,3
Guatemala,1994,1,24,24.0,24
Guatemala,1996,1,11,11.0,11
Guatemala,1997,1,4,4.0,4
Guatemala,1998,1,4,4.0,4
Guinea,1974,1,2,2.0,2
Guyana,1976,1,6,6.0,6
Guyana,1977,1,8,8.0,8
Guyana,1991,1,1,1.0,1
Guyana,1992,1,2,2.0,2
Haiti,1966,1,11,11.0,11
Haiti,1967,2,3,1.5,2
Haiti,1968,2,8,4.0,5
Haiti,1969,2,10,5.0,8
Haiti,1970,1,4,4.0,4
Haiti,1971,2,13,6.5,12
Haiti,1974,3,16,5.333333333333333,8
Haiti,1976,1,1,1.0,1
Haiti,1979,1,9,9.0,9
Haiti,1980,2,22,11.0,20
Haiti,1981,1,4,4.0,4
Haiti,1982,3,10,3.3333333333333335,6
Haiti,1985,1,9,9.0,9
Haiti,1987,1,11,11.0,11
Haiti,1989,1,3,3.0,3
Haiti,1997,1,1,1.0,1
Honduras,1969,5,89,17.8,35
Honduras,1970,2,16,8.0,8
Honduras,1971,1,2,2.0,2
Honduras,1972,1,4,4.0,4
Honduras,1973,2,13,6.5,7
Honduras,1978,1,10,10.0,10
Honduras,1989,2,8,4.0,5
Honduras,1990,1,1,1.0,1
Honduras,1992,1,3,3.0,3
Honduras,1995,1,2,2.0,2
Honduras,1996,1,1,1.0,1
Hong,1963,6,16,2.6666666666666665,6
Hong,1964,5,26,5.2,16
Hong,1965,3,17,5.666666666666667,9
Hong,1966,8,22,2.75,8
Hong,1967,9,19,2.111111111111111,4
Hong,1968,4,22,5.5,8
Hong,1969,6,42,7.0,20
Hong,1970,6,33,5.5,14
Hong,1971,17,71,4.176470588235294,17
Hong,1972,5,18,3.6,7
Hong,1973,13,82,6.3076923076923075,14
Hong,1974,7,23,3.2857142857142856,5
Hong,1975,10,48,4.8,10
Hong,1976,18,140,7.777777777777778,29
Hong,1977,8,62,7.75,26
Hong,1978,18,93,5.166666666666667,28
Hong,1979,13,79,6.076923076923077,17
Hong,1980,26,111,4.269230769230769,13
Hong,1981,31,206,6.645161290322581,22
Hong,1982,15,66,4.4,8
Hong,1983,13,101,7.769230769230769,21
Hong,1984,21,211,10.047619047619047,27
Hong,1985,25,186,7.44,29
Hong,1986,31,217,7.0,24
Hong,1987,31,190,6.129032258064516,19
Hong,1988,34,224,6.588235294117647,31
Hong,1989,44,204,4.636363636363637,14
Hong,1990,48,292,6.083333333333333,39
Hong,1991,45,247,5.488888888888889,36
Hong,1992,54,288,5.333333333333333,33
Hong,1993,54,261,4.833333333333333,34
Hong,1994,46,207,4.5,19
Hong,1995,66,251,3.803030303030303,18
Hong,1996,58,119,2.0517241379310347,8
Hong,1997,41,94,2.292682926829268,8
Hong,1998,58,94,1.6206896551724137,5
Hong,1999,10,13,1.3,3
Hungary,1963,8,32,4.0,10
Hungary,1964,11,43,3.909090909090909,13
Hungary,1965,14,28,2.0,9
Hungary,1966,19,82,4.315789473684211,17
Hungary,1967,18,81,4.5,12
Hungary,1968,15,96,6.4,29
Hungary,1969,17,48,2.823529411764706,10
Hungary,1970,28,157,5.607142857142857,20
Hungary,1971,33,168,5.090909090909091,28
Hungary,1972,35,129,3.6857142857142855,12
Hungary,1973,36,158,4.388888888888889,15
Hungary,1974,47,245,5.212765957446808,27
Hungary,1975,44,211,4.795454545454546,46
Hungary,1976,67,271,4.044776119402985,11
Hungary,1977,64,273,4.265625,17
Hungary,1978,52,244,4.6923076923076925,16
Hungary,1979,53,206,3.8867924528301887,15
Hungary,1980,73,386,5.287671232876712,41
Hungary,1981,80,339,4.2375,27
Hungary,1982,80,470,5.875,36
Hungary,1983,84,385,4.583333333333333,38
Hungary,1984,81,306,3.7777777777777777,35
Hungary,1985,77,361,4.688311688311688,26
Hungary,1986,96,405,4.21875,20
Hungary,1987,97,365,3.7628865979381443,33
Hungary,1988,68,252,3.7058823529411766,43
Hungary,1989,92,365,3.967391304347826,15
Hungary,1990,64,245,3.828125,36
Hungary,1991,54,239,4.425925925925926,38
Hungary,1992,49,184,3.7551020408163267,34
Hungary,1993,24,36,1.5,4
Hungary,1994,22,81,3.6818181818181817,17
Hungary,1995,22,53,2.409090909090909,7
Hungary,1996,19,43,2.263157894736842,13
Hungary,1997,6,13,2.1666666666666665,5
Hungary,1998,8,23,2.875,16
Hungary,1999,1,1,1.0,1
Iceland,1964,2,4,2.0,3
Iceland,1965,2,6,3.0,5
Iceland,1966,2,4,2.0,3
Iceland,1967,1,22,22.0,22
Iceland,1968,4,16,4.0,7
Iceland,1969,1,5,5.0,5
Iceland,1970,6,33,5.5,7
Iceland,1971,8,26,3.25,7
Iceland,1972,4,16,4.0,6
Iceland,1973,2,4,2.0,3
Iceland,1974,3,22,7.333333333333333,12
Iceland,1975,2,5,2.5,3
Iceland,1978,2,4,2.0,3
Iceland,1979,2,4,2.0,2
Iceland,1983,1,5,5.0,5
Iceland,1984,2,10,5.0,7
Iceland,1985,3,10,3.3333333333333335,5
Iceland,1986,3,7,2.3333333333333335,4
Iceland,1987,3,18,6.0,9
Iceland,1988,3,9,3.0,6
Iceland,1989,1,1,1.0,1
Iceland,1990,3,13,4.333333333333333,6
Iceland,1992,4,16,4.0,8
Iceland,1993,3,14,4.666666666666667,11
Iceland,1994,3,21,7.0,13
Iceland,1995,3,9,3.0,4
Iceland,1996,2,2,1.0,1
Iceland,1997,2,2,1.0,1
Iceland,1998,3,10,3.3333333333333335,7
Iceland,1999,2,2,1.0,1
India,1963,3,7,2.3333333333333335,3
India,1964,4,11,2.75,6
India,1965,5,18,3.6,10
India,1966,4,8,2.0,4
India,1967,9,19,2.111111111111111,3
India,1968,9,16,1.7777777777777777,5
India,1969,11,31,2.8181818181818183,5
India,1970,9,48,5.333333333333333,10
India,1971,7,22,3.142857142857143,10
India,1972,15,57,3.8,12
India,1973,16,103,6.4375,26
India,1974,11,40,3.6363636363636362,11
India,1975,11,95,8.636363636363637,31
India,1976,14,61,4.357142857142857,19
India,1977,12,58,4.833333333333333,19
India,1978,12,135,11.25,28
India,1979,10,111,11.1,37
India,1980,2,6,3.0,5
India,1981,6,13,2.1666666666666665,4
India,1982,3,18,6.0,9
India,1983,10,42,4.2,10
India,1984,9,61,6.777777777777778,33
India,1985,9,32,3.5555555555555554,8
India,1986,13,75,5.769230769230769,30
India,1987,9,45,5.0,17
India,1988,12,49,4.083333333333333,12
India,1989,12,61,5.083333333333333,18
India,1990,13,62,4.769230769230769,23
India,1991,15,105,7.0,53
India,1992,19,72,3.789473684210526,30
India,1993,17,88,5.176470588235294,31
India,1994,20,106,5.3,31
India,1995,26,63,2.423076923076923,9
India,1996,17,45,2.6470588235294117,8
India,1997,11,21,1.9090909090909092,4
India,1998,17,22,1.2941176470588236,2
India,1999,1,3,3.0,3
Indonesia,1966,4,24,6.0,16
Indonesia,1967,11,22,2.0,4
Indonesia,1968,19,63,3.3157894736842106,13
Indonesia,1971,2,4,2.0,3
Indonesia,1972,1,1,1.0,1
Indonesia,1973,6,15,2.5,4
Indonesia,1974,7,32,4.571428571428571,9
Indonesia,1976,1,3,3.0,3
Indonesia,1978,2,6,3.0,4
Indonesia,1979,1,2,2.0,2
Indonesia,1980,1,4,4.0,4
Indonesia,1981,1,9,9.0,9
Indonesia,1982,1,2,2.0,2
Indonesia,1984,1,1,1.0,1
Indonesia,1985,1,16,16.0,16
Indonesia,1986,3,10,3.3333333333333335,5
Indonesia,1988,2,4,2.0,3
Indonesia,1989,4,11,2.75,4
Indonesia,1990,3,19,6.333333333333333,10
Indonesia,1991,2,4,2.0,2
Indonesia,1992,5,11,2.2,5
Indonesia,1993,2,6,3.0,3
Indonesia,1994,4,12,3.0,6
Indonesia,1995,1,3,3.0,3
Indonesia,1996,1,1,1.0,1
Indonesia,1997,1,2,2.0,2
Iran,1963,1,3,3.0,3
Iran,1965,1,5,5.0,5
Iran,1966,2,7,3.5,5
Iran,1967,3,14,4.666666666666667,8
Iran,1968,1,11,11.0,11
Iran,1969,1,8,8.0,8
Iran,1970,3,13,4.333333333333333,8
Iran,1971,3,17,5.666666666666667,10
Iran,1972,2,31,15.5,26
Iran,1973,5,56,11.2,38
Iran,1974,4,27,6.75,17
Iran,1975,4,25,6.25,11
Iran,1976,2,15,7.5,12
Iran,1977,1,1,1.0,1
Iran,1978,6,11,1.8333333333333333,3
Iran,1979,3,11,3.6666666666666665,6
Iran,1981,2,8,4.0,6
Iran,1987,1,2,2.0,2
Iran,1988,1,3,3.0,3
Iran,1989,1,2,2.0,2
Iran,1990,2,2,1.0,1
Iran,1991,1,1,1.0,1
Iran,1992,1,2,2.0,2
Iran,1993,1,3,3.0,3
Iran,1994,2,5,2.5,3
Iran,1995,2,7,3.5,4
Iraq,1977,1,1,1.0,1
Iraq,1980,1,4,4.0,4
Iraq,1984,1,30,30.0,30
Iraq,1985,1,2,2.0,2
Iraq,1988,2,7,3.5,6
Iraq,1989,1,2,2.0,2
Ireland,1963,2,6,3.0,5
Ireland,1965,3,16,5.333333333333333,12
Ireland,1966,7,19,2.7142857142857144,5
Ireland,1967,5,43,8.6,19
Ireland,1968,5,23,4.6,8
Ireland,1969,10,94,9.4,42
Ireland,1970,10,25,2.5,5
Ireland,1971,24,94,3.9166666666666665,17
Ireland,1972,16,115,7.1875,41
Ireland,1973,26,154,5.923076923076923,21
Ireland,1974,15,100,6.666666666666667,19
Ireland,1975,14,101,7.214285714285714,16
Ireland,1976,20,149,7.45,38
Ireland,1977,17,101,5.9411764705882355,19
Ireland,1978,17,127,7.470588235294118,23
Ireland,1979,10,51,5.1,13
Ireland,1980,16,62,3.875,10
Ireland,1981,15,99,6.6,15
Ireland,1982,22,132,6.0,18
Ireland,1983,13,106,8.153846153846153,28
Ireland,1984,27,145,5.37037037037037,14
Ireland,1985,27,199,7.37037037037037,31
Ireland,1986,26,180,6.923076923076923,25
Ireland,1987,34,321,9.441176470588236,45
Ireland,1988,38,380,10.0,127
Ireland,1989,59,382,6.47457627118644,41
Ireland,1990,50,451,9.02,55
Ireland,1991,49,322,6.571428571428571,31
Ireland,1992,47,339,7.212765957446808,42
Ireland,1993,46,302,6.565217391304348,45
Ireland,1994,41,176,4.2926829268292686,14
Ireland,1995,36,113,3.138888888888889,18
Ireland,1996,57,146,2.56140350877193,10
Ireland,1997,40,79,1.975,6
Ireland,1998,19,26,1.368421052631579,4
Ireland,1999,2,2,1.0,1
Israel,1963,8,11,1.375,3
Israel,1964,17,84,4.9411764705882355,38
Israel,1965,24,75,3.125,11
Israel,1966,31,100,3.225806451612903,15
Israel,1967,44,157,3.5681818181818183,18
Israel,1968,27,137,5.074074074074074,19
Israel,1969,43,154,3.5813953488372094,13
Israel,1970,38,146,3.8421052631578947,14
Israel,1971,40,226,5.65,29
Israel,1972,47,296,6.297872340425532,22
Israel,1973,75,497,6.626666666666667,54
Israel,1974,76,527,6.934210526315789,41
Israel,1975,85,707,8.31764705882353,81
Israel,1976,97,684,7.051546391752577,74
Israel,1977,87,667,7.666666666666667,53
Israel,1978,93,718,7.720430107526882,36
Israel,1979,75,518,6.906666666666666,30
Israel,1980,101,928,9.188118811881187,56
Israel,1981,112,996,8.892857142857142,55
Israel,1982,95,792,8.336842105263157,59
Israel,1983,98,635,6.479591836734694,44
Israel,1984,147,936,6.36734693877551,64
Israel,1985,166,1249,7.524096385542169,100
Israel,1986,170,1227,7.2176470588235295,72
Israel,1987,227,1832,8.070484581497798,82
Israel,1988,209,1634,7.818181818181818,68
Israel,1989,296,2150,7.263513513513513,113
Israel,1990,265,1833,6.916981132075471,92
Israel,1991,257,1760,6.848249027237354,95
Israel,1992,289,1891,6.5432525951557095,89
Israel,1993,269,1707,6.345724907063197,51
Israel,1994,285,1567,5.4982456140350875,33
Israel,1995,281,1324,4.711743772241993,57
Israel,1996,308,1250,4.058441558441558,38
Israel,1997,280,785,2.8035714285714284,32
Israel,1998,221,362,1.6380090497737556,8
Israel,1999,20,26,1.3,5
Italy,1963,223,737,3.304932735426009,21
Italy,1964,192,619,3.2239583333333335,19
Italy,1965,281,997,3.5480427046263343,23
Italy,1966,294,1114,3.7891156462585034,32
Italy,1967,324,1344,4.148148148148148,28
Italy,1968,350,1337,3.82,45
Italy,1969,401,1683,4.197007481296758,26
Italy,1970,440,1887,4.288636363636364,32
Italy,1971,584,2657,4.549657534246576,41
Italy,1972,666,3404,5.111111111111111,83
Italy,1973,638,3458,5.420062695924765,82
Italy,1974,676,3890,5.754437869822485,67
Italy,1975,628,3697,5.8869426751592355,62
Italy,1976,665,3939,5.923308270676691,77
Italy,1977,650,4026,6.193846153846154,68
Italy,1978,624,4173,6.6875,107
Italy,1979,519,3053,5.8824662813102115,66
Italy,1980,677,4199,6.202363367799114,54
Italy,1981,749,4186,5.588785046728972,36
Italy,1982,646,3839,5.942724458204334,56
Italy,1983,525,3042,5.7942857142857145,80
Italy,1984,697,4059,5.823529411764706,48
Italy,1985,796,4532,5.693467336683417,45
Italy,1986,860,4704,5.469767441860465,45
Italy,1987,1018,5497,5.399803536345776,76
Italy,1988,921,4884,5.302931596091205,46
Italy,1989,1084,5490,5.064575645756458,57
Italy,1990,1029,4823,4.687074829931973,59
Italy,1991,950,4150,4.368421052631579,50
Italy,1992,965,3937,4.07979274611399,41
Italy,1993,923,3589,3.8884073672806068,45
Italy,1994,863,2967,3.4380069524913095,44
Italy,1995,684,2004,2.9298245614035086,22
Italy,1996,702,1571,2.237891737891738,17
Italy,1997,530,945,1.7830188679245282,15
Italy,1998,327,456,1.3944954128440368,7
Italy,1999,35,35,1.0,1
Jamaica,1963,1,3,3.0,3
Jamaica,1967,1,1,1.0,1
Jamaica,1970,1,1,1.0,1
Jamaica,1972,3,15,5.0,8
Jamaica,1973,1,12,12.0,12
Jamaica,1975,2,28,14.0,26
Jamaica,1976,1,2,2.0,2
Jamaica,1977,2,11,5.5,9
Jamaica,1978,2,9,4.5,5
Jamaica,1980,1,14,14.0,14
Jamaica,1984,1,2,2.0,2
Jamaica,1985,2,17,8.5,13
Jamaica,1987,1,1,1.0,1
Jamaica,1990,1,8,8.0,8
Jamaica,1991,1,2,2.0,2
Jamaica,1992,1,2,2.0,2
Jamaica,1996,1,1,1.0,1
Japan,1963,256,882,3.4453125,22
Japan,1964,348,1200,3.4482758620689653,21
Japan,1965,628,2390,3.805732484076433,58
Japan,1966,788,2854,3.6218274111675126,37
Japan,1967,1021,3926,3.8452497551420177,54
Japan,1968,1095,4806,4.389041095890411,39
Japan,1969,1651,7105,4.303452453058752,47
Japan,1970,2090,10172,4.866985645933014,75
Japan,1971,3424,17745,5.182535046728972,83
Japan,1972,4433,25588,5.772163320550417,110
Japan,1973,4345,26081,6.00253164556962,77
Japan,1974,5283,35822,6.780617073632405,193
Japan,1975,5785,40377,6.979602420051858,91
Japan,1976,6039,44350,7.343931114422918,122
Japan,1977,5751,43641,7.588419405320813,115
Japan,1978,6415,49068,7.648947778643803,146
Japan,1979,4835,36844,7.620268872802482,90
Japan,1980,6497,48995,7.541172849007234,95
Japan,1981,7790,63123,8.103080872913992,251
Japan,1982,7543,62027,8.22312077422776,658
Japan,1983,8131,66211,8.143032837289386,170
Japan,1984,10284,82881,8.059218203033838,716
Japan,1985,11829,97917,8.277707329444585,654
Japan,1986,12234,98759,8.072502860879515,221
Japan,1987,15408,127076,8.247403946002077,161
Japan,1988,14931,120179,8.048958542629428,779
Japan,1989,18436,137579,7.462518984595357,196
Japan,1990,17690,126568,7.1547767100056525,110
Japan,1991,18763,122829,6.546341203432287,158
Japan,1992,18982,116126,6.117690443578127,90
Japan,1993,18835,103834,5.512821874170427,80
Japan,1994,18384,88302,4.8031984334203655,75
Japan,1995,16810,68817,4.093813206424747,73
Japan,1996,16093,52865,3.2849686198968495,48
Japan,1997,12987,30522,2.35019635019635,41
Japan,1998,9741,15275,1.5681141566574273,19
Japan,1999,1103,1247,1.1305530371713508,5
Jordan,1972,1,4,4.0,4
Jordan,1978,1,2,2.0,2
Jordan,1996,1,4,4.0,4
Jordan,1997,2,6,3.0,5
Kenya,1964,1,3,3.0,3
Kenya,1966,1,1,1.0,1
Kenya,1967,1,2,2.0,2
Kenya,1968,2,9,4.5,6
Kenya,1969,1,1,1.0,1
Kenya,1970,3,11,3.6666666666666665,8
Kenya,1971,1,4,4.0,4
Kenya,1973,1,66,66.0,66
Kenya,1974,3,28,9.333333333333334,24
Kenya,1975,1,12,12.0,12
Kenya,1976,1,8,8.0,8
Kenya,1980,1,3,3.0,3
Kenya,1982,1,7,7.0,7
Kenya,1993,2,6,3.0,3
Kenya,1994,1,1,1.0,1
Kenya,1996,1,1,1.0,1
Korea,1964,3,16,5.333333333333333,11
Korea,1965,1,4,4.0,4
Korea,1966,1,6,6.0,6
Korea,1968,1,13,13.0,13
Korea,1970,2,6,3.0,3
Korea,1971,2,10,5.0,7
Korea,1972,6,26,4.333333333333333,10
Korea,1973,4,16,4.0,7
Korea,1974,5,26,5.2,9
Korea,1975,11,53,4.818181818181818,11
Korea,1976,7,54,7.714285714285714,16
Korea,1977,5,16,3.2,7
Korea,1978,10,104,10.4,70
Korea,1979,4,22,5.5,7
Korea,1980,7,45,6.428571428571429,25
Korea,1981,15,108,7.2,17
Korea,1982,9,38,4.222222222222222,8
Korea,1983,22,81,3.6818181818181817,14
Korea,1984,26,139,5.346153846153846,26
Korea,1985,38,224,5.894736842105263,30
Korea,1986,45,272,6.044444444444444,19
Korea,1987,70,395,5.642857142857143,22
Korea,1988,87,424,4.873563218390805,19
Korea,1989,143,665,4.65034965034965,30
Korea,1990,194,1013,5.221649484536083,26
Korea,1991,351,2016,5.743589743589744,30
Korea,1992,450,2436,5.413333333333333,51
Korea,1993,639,3052,4.77621283255086,47
Korea,1994,768,3735,4.86328125,71
Korea,1995,853,3657,4.287221570926143,44
Korea,1996,1034,3529,3.4129593810444874,43
Korea,1997,1038,2357,2.270712909441233,19
Korea,1998,1028,1666,1.6206225680933852,11
Korea,1999,158,180,1.139240506329114,3
Kuwait,1969,1,6,6.0,6
Kuwait,1974,1,3,3.0,3
Kuwait,1986,3,8,2.6666666666666665,6
Kuwait,1987,5,29,5.8,11
Kuwait,1988,1,3,3.0,3
Kuwait,1989,4,9,2.25,3
Kuwait,1990,2,15,7.5,13
Kuwait,1992,1,1,1.0,1
Kuwait,1993,2,2,1.0,1
Kuwait,1996,1,1,1.0,1
Kuwait,1997,1,1,1.0,1
Kuwait,1998,1,1,1.0,1
Kuwait,1999,2,2,1.0,1
Kyrgyzstan,1996,1,1,1.0,1
Lebanon,1963,2,6,3.0,5
Lebanon,1966,1,3,3.0,3
Lebanon,1968,3,22,7.333333333333333,14
Lebanon,1969,1,6,6.0,6
Lebanon,1970,1,3,3.0,3
Lebanon,1971,4,19,4.75,12
Lebanon,1972,1,4,4.0,4
Lebanon,1973,1,14,14.0,14
Lebanon,1974,3,19,6.333333333333333,9
Lebanon,1975,4,46,11.5,19
Lebanon,1978,3,9,3.0,6
Lebanon,1983,1,4,4.0,4
Lebanon,1985,4,9,2.25,3
Lebanon,1986,1,2,2.0,2
Lebanon,1989,1,12,12.0,12
Lebanon,1992,1,3,3.0,3
Lebanon,1993,1,11,11.0,11
Lebanon,1994,1,4,4.0,4
Lebanon,1995,1,1,1.0,1
Lebanon,1997,1,2,2.0,2
Lebanon,1999,1,1,1.0,1
Liberia,1968,1,4,4.0,4
Liberia,1981,1,24,24.0,24
Liberia,1983,1,4,4.0,4
Libya,1963,1,2,2.0,2
Libya,1965,1,3,3.0,3
Libya,1972,1,3,3.0,3
Liechtenstein,1963,5,17,3.4,7
Liechtenstein,1964,7,18,2.5714285714285716,4
Liechtenstein,1965,12,45,3.75,10
Liechtenstein,1966,10,32,3.2,10
Liechtenstein,1967,9,42,4.666666666666667,23
Liechtenstein,1968,12,44,3.6666666666666665,8
Liechtenstein,1969,12,49,4.083333333333333,10
Liechtenstein,1970,20,91,4.55,22
Liechtenstein,1971,25,100,4.0,15
Liechtenstein,1972,8,44,5.5,10
Liechtenstein,1973,13,113,8.692307692307692,42
Liechtenstein,1974,15,119,7.933333333333334,25
Liechtenstein,1975,13,65,5.0,12
Liechtenstein,1976,17,83,4.882352941176471,13
Liechtenstein,1977,11,71,6.454545454545454,13
Liechtenstein,1978,9,38,4.222222222222222,9
Liechtenstein,1979,7,43,6.142857142857143,12
Liechtenstein,1980,16,97,6.0625,27
Liechtenstein,1981,18,149,8.277777777777779,27
Liechtenstein,1982,18,142,7.888888888888889,31
Liechtenstein,1983,11,69,6.2727272727272725,10
Liechtenstein,1984,14,97,6.928571428571429,13
Liechtenstein,1985,12,76,6.333333333333333,17
Liechtenstein,1986,14,80,5.714285714285714,13
Liechtenstein,1987,14,82,5.857142857142857,17
Liechtenstein,1988,10,45,4.5,14
Liechtenstein,1989,9,89,9.88888888888889,42
Liechtenstein,1990,13,58,4.461538461538462,10
Liechtenstein,1991,8,32,4.0,16
Liechtenstein,1992,15,58,3.8666666666666667,12
Liechtenstein,1993,10,38,3.8,9
Liechtenstein,1994,12,37,3.0833333333333335,8
Liechtenstein,1995,12,25,2.0833333333333335,5
Liechtenstein,1996,7,10,1.4285714285714286,2
Liechtenstein,1997,3,4,1.3333333333333333,2
Liechtenstein,1998,3,4,1.3333333333333333,2
Lithuania,1995,1,4,4.0,4
Lithuania,1997,1,1,1.0,1
Luxembourg,1963,3,10,3.3333333333333335,4
Luxembourg,1964,3,11,3.6666666666666665,4
Luxembourg,1965,3,6,2.0,3
Luxembourg,1966,6,28,4.666666666666667,10
Luxembourg,1967,5,9,1.8,3
Luxembourg,1968,5,17,3.4,6
Luxembourg,1969,2,2,1.0,1
Luxembourg,1970,1,2,2.0,2
Luxembourg,1971,4,19,4.75,10
Luxembourg,1972,6,39,6.5,17
Luxembourg,1973,5,38,7.6,12
Luxembourg,1974,17,88,5.176470588235294,18
Luxembourg,1975,14,76,5.428571428571429,16
Luxembourg,1976,11,64,5.818181818181818,16
Luxembourg,1977,12,109,9.083333333333334,25
Luxembourg,1978,16,98,6.125,16
Luxembourg,1979,19,80,4.2105263157894735,13
Luxembourg,1980,12,73,6.083333333333333,16
Luxembourg,1981,26,129,4.961538461538462,13
Luxembourg,1982,20,90,4.5,10
Luxembourg,1983,22,103,4.681818181818182,17
Luxembourg,1984,23,106,4.608695652173913,18
Luxembourg,1985,28,119,4.25,18
Luxembourg,1986,25,88,3.52,11
Luxembourg,1987,17,93,5.470588235294118,21
Luxembourg,1988,26,87,3.3461538461538463,12
Luxembourg,1989,22,86,3.909090909090909,14
Luxembourg,1990,13,50,3.8461538461538463,15
Luxembourg,1991,22,88,4.0,10
Luxembourg,1992,19,79,4.157894736842105,26
Luxembourg,1993,18,60,3.3333333333333335,9
Luxembourg,1994,16,59,3.6875,11
Luxembourg,1995,13,49,3.769230769230769,13
Luxembourg,1996,9,29,3.2222222222222223,14
Luxembourg,1997,11,31,2.8181818181818183,10
Luxembourg,1998,2,3,1.5,2
Luxembourg,1999,1,1,1.0,1
Macau,1995,1,1,1.0,1
Madagascar,1978,1,5,5.0,5
Malawi,1975,1,1,1.0,1
Malawi,1976,1,2,2.0,2
Malawi,1981,1,10,10.0,10
Malaysia,1963,1,1,1.0,1
Malaysia,1965,1,3,3.0,3
Malaysia,1966,2,7,3.5,4
Malaysia,1970,1,3,3.0,3
Malaysia,1974,1,3,3.0,3
Malaysia,1975,3,20,6.666666666666667,11
Malaysia,1976,3,8,2.6666666666666665,4
Malaysia,1977,3,24,8.0,17
Malaysia,1978,1,3,3.0,3
Malaysia,1979,2,19,9.5,16
Malaysia,1982,1,12,12.0,12
Malaysia,1983,2,3,1.5,2
Malaysia,1984,1,7,7.0,7
Malaysia,1985,3,24,8.0,13
Malaysia,1986,4,19,4.75,11
Malaysia,1987,2,17,8.5,15
Malaysia,1988,2,15,7.5,13
Malaysia,1989,2,3,1.5,2
Malaysia,1990,1,12,12.0,12
Malaysia,1991,11,53,4.818181818181818,9
Malaysia,1992,4,19,4.75,7
Malaysia,1993,12,62,5.166666666666667,17
Malaysia,1994,8,54,6.75,20
Malaysia,1995,5,13,2.6,5
Malaysia,1996,8,26,3.25,8
Malaysia,1997,7,14,2.0,6
Malaysia,1998,5,6,1.2,2
Malaysia,1999,1,2,2.0,2
Mali,1965,13,62,4.769230769230769,13
Mali,1966,3,12,4.0,5
Mali,1974,1,4,4.0,4
Malta,1988,1,2,2.0,2
Malta,1989,1,3,3.0,3
Malta,1993,1,3,3.0,3
Malta,1995,1,4,4.0,4
Martinique,1965,1,3,3.0,3
Martinique,1977,1,2,2.0,2
Mauritania,1975,1,4,4.0,4
Mauritius,1985,1,1,1.0,1
Mauritius,1988,1,1,1.0,1
Mauritius,1992,1,4,4.0,4
Mexico,1963,20,52,2.6,7
Mexico,1964,23,65,2.8260869565217392,8
Mexico,1965,31,73,2.3548387096774195,13
Mexico,1966,47,136,2.893617021276596,12
Mexico,1967,22,65,2.9545454545454546,11
Mexico,1968,26,123,4.730769230769231,20
Mexico,1969,33,114,3.4545454545454546,13
Mexico,1970,28,144,5.142857142857143,29
Mexico,1971,53,242,4.566037735849057,18
Mexico,1972,32,138,4.3125,17
Mexico,1973,36,191,5.305555555555555,30
Mexico,1974,38,231,6.078947368421052,29
Mexico,1975,58,452,7.793103448275862,56
Mexico,1976,69,387,5.608695652173913,28
Mexico,1977,35,226,6.457142857142857,25
Mexico,1978,22,147,6.681818181818182,23
Mexico,1979,30,183,6.1,28
Mexico,1980,35,189,5.4,18
Mexico,1981,33,216,6.545454545454546,25
Mexico,1982,29,181,6.241379310344827,22
Mexico,1983,26,144,5.538461538461538,15
Mexico,1984,37,174,4.702702702702703,29
Mexico,1985,29,120,4.137931034482759,17
Mexico,1986,31,222,7.161290322580645,54
Mexico,1987,39,190,4.871794871794871,21
Mexico,1988,31,214,6.903225806451613,52
Mexico,1989,34,125,3.676470588235294,11
Mexico,1990,23,131,5.695652173913044,32
Mexico,1991,27,109,4.037037037037037,19
Mexico,1992,33,159,4.818181818181818,45
Mexico,1993,34,128,3.764705882352941,12
Mexico,1994,29,106,3.6551724137931036,20
Mexico,1995,26,55,2.1153846153846154,7
Mexico,1996,19,51,2.6842105263157894,8
Mexico,1997,17,27,1.588235294117647,4
Mexico,1998,4,4,1.0,1
Mexico,1999,2,2,1.0,1
Monaco,1963,1,2,2.0,2
Monaco,1964,1,6,6.0,6
Monaco,1965,1,4,4.0,4
Monaco,1966,4,12,3.0,7
Monaco,1967,2,4,2.0,3
Monaco,1968,3,7,2.3333333333333335,4
Monaco,1969,4,53,13.25,39
Monaco,1970,1,8,8.0,8
Monaco,1971,3,13,4.333333333333333,6
Monaco,1972,2,23,11.5,21
Monaco,1973,1,18,18.0,18
Monaco,1974,8,53,6.625,21
Monaco,1975,4,38,9.5,17
Monaco,1976,5,41,8.2,19
Monaco,1977,7,39,5.571428571428571,13
Monaco,1978,6,40,6.666666666666667,14
Monaco,1979,1,1,1.0,1
Monaco,1980,7,24,3.4285714285714284,5
Monaco,1981,5,29,5.8,16
Monaco,1982,4,29,7.25,18
Monaco,1983,2,9,4.5,7
Monaco,1984,5,33,6.6,13
Monaco,1985,9,48,5.333333333333333,14
Monaco,1986,2,17,8.5,14
Monaco,1987,2,16,8.0,8
Monaco,1988,3,16,5.333333333333333,13
Monaco,1989,7,23,3.2857142857142856,5
Monaco,1990,6,41,6.833333333333333,14
Monaco,1991,5,39,7.8,16
Monaco,1992,3,6,2.0,3
Monaco,1993,4,16,4.0,10
Monaco,1994,6,16,2.6666666666666665,5
Monaco,1995,1,1,1.0,1
Monaco,1996,3,6,2.0,4
Monaco,1997,1,1,1.0,1
Monaco,1998,4,6,1.5,2
Morocco,1963,2,2,1.0,1
Morocco,1965,4,10,2.5,4
Morocco,1966,3,10,3.3333333333333335,5
Morocco,1967,2,11,5.5,10
Morocco,1968,3,22,7.333333333333333,9
Morocco,1970,2,9,4.5,8
Morocco,1972,2,22,11.0,14
Morocco,1973,2,7,3.5,4
Morocco,1977,5,36,7.2,10
Morocco,1983,1,3,3.0,3
Morocco,1984,2,13,6.5,7
Morocco,1985,1,24,24.0,24
Morocco,1988,2,8,4.0,7
Morocco,1989,2,11,5.5,9
Morocco,1991,1,1,1.0,1
Morocco,1993,1,3,3.0,3
Myanmar,1975,1,4,4.0,4
Myanmar,1978,1,12,12.0,12
Myanmar,1979,1,8,8.0,8
Myanmar,1998,1,1,1.0,1
Netherlands,1963,210,660,3.142857142857143,21
Netherlands,1964,219,667,3.045662100456621,26
Netherlands,1965,339,1225,3.6135693215339235,32
Netherlands,1966,331,1243,3.7552870090634443,37
Netherlands,1967,337,1261,3.741839762611276,24
Netherlands,1968,325,1299,3.996923076923077,23
Netherlands,1969,412,1682,4.08252427184466,27
Netherlands,1970,425,2038,4.7952941176470585,36
Netherlands,1971,576,2830,4.913194444444445,50
Netherlands,1972,577,2897,5.020797227036395,125
Netherlands,1973,591,3472,5.874788494077834,79
Netherlands,1974,653,4257,6.519142419601837,75
Netherlands,1975,541,3472,6.417744916820703,71
Netherlands,1976,660,4202,6.366666666666666,103
Netherlands,1977,633,4358,6.884676145339652,86
Netherlands,1978,576,3601,6.251736111111111,46
Netherlands,1979,482,3166,6.568464730290456,58
Netherlands,1980,568,3817,6.720070422535211,65
Netherlands,1981,568,3471,6.110915492957746,45
Netherlands,1982,559,4230,7.567084078711986,98
Netherlands,1983,559,3778,6.758497316636851,122
Netherlands,1984,643,4621,7.186625194401244,77
Netherlands,1985,672,4435,6.599702380952381,69
Netherlands,1986,645,4230,6.558139534883721,69
Netherlands,1987,825,5184,6.283636363636363,55
Netherlands,1988,700,4198,5.997142857142857,70
Netherlands,1989,924,5590,6.04978354978355,81
Netherlands,1990,825,4465,5.412121212121212,73
Netherlands,1991,829,4514,5.445114595898673,55
Netherlands,1992,696,3623,5.205459770114943,46
Netherlands,1993,604,2830,4.685430463576159,105
Netherlands,1994,614,2596,4.228013029315961,47
Netherlands,1995,550,1986,3.610909090909091,34
Netherlands,1996,493,1368,2.7748478701825556,25
Netherlands,1997,365,759,2.0794520547945203,16
Netherlands,1998,284,419,1.4753521126760563,9
Netherlands,1999,26,30,1.1538461538461537,2
New,1963,9,32,3.5555555555555554,7
New,1964,9,22,2.4444444444444446,4
New,1965,13,38,2.923076923076923,9
New,1966,9,46,5.111111111111111,13
New,1967,11,45,4.090909090909091,11
New,1968,12,60,5.0,15
New,1969,14,82,5.857142857142857,17
New,1970,11,50,4.545454545454546,12
New,1971,15,64,4.266666666666667,11
New,1972,22,173,7.863636363636363,43
New,1973,19,90,4.7368421052631575,19
New,1974,17,53,3.1176470588235294,11
New,1975,25,127,5.08,19
New,1976,31,206,6.645161290322581,21
New,1977,30,189,6.3,36
New,1978,35,183,5.228571428571429,18
New,1979,21,135,6.428571428571429,25
New,1980,47,218,4.638297872340425,19
New,1981,42,199,4.738095238095238,12
New,1982,38,214,5.631578947368421,56
New,1983,32,173,5.40625,19
New,1984,41,208,5.073170731707317,26
New,1985,30,182,6.066666666666666,26
New,1986,49,231,4.714285714285714,29
New,1987,57,378,6.631578947368421,58
New,1988,46,216,4.695652173913044,23
New,1989,47,235,5.0,27
New,1990,45,156,3.466666666666667,15
New,1991,37,199,5.378378378378378,38
New,1992,36,144,4.0,17
New,1993,31,90,2.903225806451613,11
New,1994,32,92,2.875,15
New,1995,31,85,2.7419354838709675,8
New,1996,27,74,2.740740740740741,24
New,1997,30,59,1.9666666666666666,8
New,1998,24,36,1.5,4
New,1999,4,4,1.0,1
Nicaragua,1966,2,6,3.0,4
Nicaragua,1967,3,14,4.666666666666667,8
Nicaragua,1968,2,2,1.0,1
Nicaragua,1969,2,9,4.5,8
Nicaragua,1970,1,2,2.0,2
Nicaragua,1971,2,39,19.5,34
Nicaragua,1972,2,7,3.5,4
Nicaragua,1973,2,10,5.0,8
Nicaragua,1978,1,6,6.0,6
Nicaragua,1993,1,1,1.0,1
Nigeria,1967,2,12,6.0,10
Nigeria,1968,2,17,8.5,14
Nigeria,1969,1,12,12.0,12
Nigeria,1970,1,9,9.0,9
Nigeria,1971,4,14,3.5,5
Nigeria,1974,1,3,3.0,3
Nigeria,1975,1,3,3.0,3
Nigeria,1977,1,1,1.0,1
Nigeria,1978,2,17,8.5,15
Nigeria,1980,2,12,6.0,7
Nigeria,1981,1,9,9.0,9
Nigeria,1985,1,7,7.0,7
Nigeria,1992,1,2,2.0,2
Nigeria,1994,1,2,2.0,2
Nigeria,1997,1,2,2.0,2
Norfolk,1986,3,12,4.0,10
Norfolk,1987,1,4,4.0,4
Norway,1963,20,68,3.4,8
Norway,1964,35,149,4.257142857142857,29
Norway,1965,35,166,4.742857142857143,21
Norway,1966,45,155,3.4444444444444446,15
Norway,1967,39,170,4.358974358974359,18
Norway,1968,32,146,4.5625,22
Norway,1969,50,195,3.9,14
Norway,1970,57,223,3.912280701754386,17
Norway,1971,61,294,4.819672131147541,34
Norway,1972,70,339,4.8428571428571425,39
Norway,1973,70,419,5.985714285714286,23
Norway,1974,84,496,5.904761904761905,40
Norway,1975,87,428,4.919540229885057,17
Norway,1976,87,508,5.839080459770115,40
Norway,1977,96,566,5.895833333333333,50
Norway,1978,79,469,5.936708860759493,27
Norway,1979,70,407,5.814285714285714,23
Norway,1980,69,372,5.391304347826087,26
Norway,1981,70,487,6.957142857142857,49
Norway,1982,55,290,5.2727272727272725,36
Norway,1983,58,325,5.603448275862069,19
Norway,1984,74,437,5.905405405405405,36
Norway,1985,78,364,4.666666666666667,19
Norway,1986,68,359,5.279411764705882,25
Norway,1987,115,585,5.086956521739131,25
Norway,1988,96,521,5.427083333333333,31
Norway,1989,96,552,5.75,46
Norway,1990,94,495,5.26595744680851,30
Norway,1991,92,460,5.0,36
Norway,1992,86,393,4.569767441860465,34
Norway,1993,92,378,4.108695652173913,19
Norway,1994,92,326,3.5434782608695654,25
Norway,1995,78,281,3.6025641025641026,32
Norway,1996,77,284,3.688311688311688,32
Norway,1997,53,106,2.0,10
Norway,1998,32,48,1.5,4
Norway,1999,6,6,1.0,1
Oman,1993,1,1,1.0,1
Pakistan,1963,1,2,2.0,2
Pakistan,1966,2,4,2.0,3
Pakistan,1967,1,5,5.0,5
Pakistan,1969,1,1,1.0,1
Pakistan,1970,1,1,1.0,1
Pakistan,1982,1,1,1.0,1
Pakistan,1985,1,8,8.0,8
Pakistan,1986,1,7,7.0,7
Pakistan,1987,1,1,1.0,1
Pakistan,1994,1,1,1.0,1
Pakistan,1998,1,1,1.0,1
Panama,1963,2,7,3.5,4
Panama,1964,2,11,5.5,10
Panama,1965,1,1,1.0,1
Panama,1966,1,4,4.0,4
Panama,1970,1,2,2.0,2
Panama,1971,1,1,1.0,1
Panama,1972,5,50,10.0,21
Panama,1974,2,5,2.5,4
Panama,1975,4,10,2.5,5
Panama,1976,3,16,5.333333333333333,7
Panama,1977,1,3,3.0,3
Panama,1978,2,9,4.5,6
Panama,1980,2,3,1.5,2
Panama,1985,2,19,9.5,16
Panama,1986,1,4,4.0,4
Panama,1987,2,7,3.5,6
Panama,1988,1,4,4.0,4
Panama,1991,2,5,2.5,4
Panama,1993,1,1,1.0,1
Panama,1995,1,2,2.0,2
Panama,1996,1,1,1.0,1
Papua,1977,1,4,4.0,4
Paraguay,1979,1,4,4.0,4
Paraguay,1982,1,1,1.0,1
Paraguay,1983,1,8,8.0,8
Paraguay,1989,1,3,3.0,3
Paraguay,1990,1,2,2.0,2
Peru,1964,2,9,4.5,7
Peru,1965,4,17,4.25,6
Peru,1966,1,3,3.0,3
Peru,1967,4,7,1.75,4
Peru,1968,4,42,10.5,31
Peru,1969,4,28,7.0,19
Peru,1970,5,66,13.2,26
Peru,1971,3,6,2.0,3
Peru,1972,3,10,3.3333333333333335,4
Peru,1973,2,8,4.0,5
Peru,1974,1,2,2.0,2
Peru,1975,4,17,4.25,6
Peru,1976,4,7,1.75,2
Peru,1977,3,15,5.0,10
Peru,1979,3,21,7.0,13
Peru,1981,2,9,4.5,6
Peru,1982,2,20,10.0,16
Peru,1984,1,3,3.0,3
Peru,1987,1,1,1.0,1
Peru,1988,1,5,5.0,5
Peru,1989,4,29,7.25,24
Peru,1990,4,11,2.75,3
Peru,1991,2,6,3.0,3
Peru,1992,2,4,2.0,3
Peru,1993,2,2,1.0,1
Peru,1994,1,1,1.0,1
Peru,1995,2,6,3.0,5
Peru,1996,2,3,1.5,2
Peru,1998,2,3,1.5,2
Philippines,1963,5,24,4.8,17
Philippines,1964,3,5,1.6666666666666667,2
Philippines,1965,1,3,3.0,3
Philippines,1966,4,32,8.0,21
Philippines,1967,1,3,3.0,3
Philippines,1968,2,7,3.5,5
Philippines,1969,3,19,6.333333333333333,12
Philippines,1970,1,3,3.0,3
Philippines,1971,3,18,6.0,14
Philippines,1972,8,25,3.125,7
Philippines,1973,11,46,4.181818181818182,11
Philippines,1974,6,49,8.166666666666666,17
Philippines,1975,6,28,4.666666666666667,7
Philippines,1976,8,26,3.25,11
Philippines,1977,8,39,4.875,14
Philippines,1978,7,26,3.7142857142857144,9
Philippines,1979,3,4,1.3333333333333333,2
Philippines,1980,2,4,2.0,3
Philippines,1981,4,30,7.5,16
Philippines,1982,4,21,5.25,11
Philippines,1983,4,14,3.5,8
Philippines,1984,1,13,13.0,13
Philippines,1985,5,50,10.0,21
Philippines,1986,1,10,10.0,10
Philippines,1987,5,25,5.0,8
Philippines,1988,4,15,3.75,10
Philippines,1989,6,23,3.8333333333333335,8
Philippines,1990,4,12,3.0,6
Philippines,1991,5,28,5.6,9
Philippines,1992,5,24,4.8,12
Philippines,1993,3,13,4.333333333333333,5
Philippines,1994,1,6,6.0,6
Philippines,1995,2,5,2.5,4
Philippines,1996,2,2,1.0,1
Philippines,1997,2,3,1.5,2
Poland,1963,3,16,5.333333333333333,14
Poland,1964,1,21,21.0,21
Poland,1965,6,15,2.5,5
Poland,1966,5,15,3.0,7
Poland,1967,9,33,3.6666666666666665,13
Poland,1968,20,70,3.5,13
Poland,1969,18,60,3.3333333333333335,7
Poland,1970,19,65,3.4210526315789473,10
Poland,1971,22,84,3.8181818181818183,11
Poland,1972,12,47,3.9166666666666665,12
Poland,1973,17,49,2.8823529411764706,9
Poland,1974,22,68,3.090909090909091,10
Poland,1975,29,79,2.7241379310344827,8
Poland,1976,22,72,3.272727272727273,10
Poland,1977,20,94,4.7,28
Poland,1978,28,102,3.642857142857143,12
Poland,1979,22,112,5.090909090909091,15
Poland,1980,27,86,3.185185185185185,15
Poland,1981,27,98,3.6296296296296298,12
Poland,1982,21,62,2.9523809523809526,8
Poland,1983,17,77,4.529411764705882,19
Poland,1984,13,91,7.0,28
Poland,1985,10,63,6.3,20
Poland,1986,10,47,4.7,23
Poland,1987,6,17,2.8333333333333335,7
Poland,1988,7,43,6.142857142857143,22
Poland,1989,10,32,3.2,5
Poland,1990,13,30,2.3076923076923075,5
Poland,1991,7,22,3.142857142857143,8
Poland,1992,3,11,3.6666666666666665,6
Poland,1993,7,28,4.0,9
Poland,1994,8,29,3.625,7
Poland,1995,6,11,1.8333333333333333,4
Poland,1996,8,16,2.0,6
Poland,1997,5,13,2.6,4
Portugal,1963,2,6,3.0,5
Portugal,1964,1,4,4.0,4
Portugal,1965,2,9,4.5,7
Portugal,1966,3,7,2.3333333333333335,3
Portugal,1967,1,2,2.0,2
Portugal,1968,4,6,1.5,3
Portugal,1969,4,9,2.25,5
Portugal,1970,2,5,2.5,3
Portugal,1971,4,11,2.75,5
Portugal,1972,7,25,3.5714285714285716,9
Portugal,1973,1,1,1.0,1
Portugal,1974,4,37,9.25,27
Portugal,1975,5,27,5.4,17
Portugal,1976,2,2,1.0,1
Portugal,1977,4,16,4.0,6
Portugal,1978,3,9,3.0,6
Portugal,1980,1,1,1.0,1
Portugal,1981,4,25,6.25,14
Portugal,1982,6,66,11.0,28
Portugal,1983,5,84,16.8,31
Portugal,1985,3,25,8.333333333333334,10
Portugal,1986,2,22,11.0,15
Portugal,1987,4,10,2.5,5
Portugal,1988,4,15,3.75,12
Portugal,1989,9,28,3.111111111111111,5
Portugal,1990,6,11,1.8333333333333333,3
Portugal,1991,7,32,4.571428571428571,11
Portugal,1992,1,3,3.0,3
Portugal,1993,2,25,12.5,24
Portugal,1994,3,5,1.6666666666666667,3
Portugal,1995,1,13,13.0,13
Portugal,1996,1,4,4.0,4
Portugal,1997,3,9,3.0,6
Romania,1963,1,3,3.0,3
Romania,1964,1,1,1.0,1
Romania,1966,3,7,2.3333333333333335,4
Romania,1967,6,39,6.5,17
Romania,1968,17,49,2.8823529411764706,15
Romania,1969,15,41,2.7333333333333334,14
Romania,1970,28,133,4.75,26
Romania,1971,30,145,4.833333333333333,28
Romania,1972,29,145,5.0,20
Romania,1973,18,57,3.1666666666666665,13
Romania,1974,26,122,4.6923076923076925,13
Romania,1975,12,39,3.25,5
Romania,1976,15,49,3.2666666666666666,10
Romania,1977,16,64,4.0,12
Romania,1978,11,52,4.7272727272727275,15
Romania,1979,6,19,3.1666666666666665,7
Romania,1980,11,40,3.6363636363636362,12
Romania,1981,9,37,4.111111111111111,12
Romania,1982,2,2,1.0,1
Romania,1983,2,6,3.0,5
Romania,1984,4,22,5.5,10
Romania,1985,2,5,2.5,3
Romania,1986,1,4,4.0,4
Romania,1987,4,10,2.5,5
Romania,1988,1,1,1.0,1
Romania,1990,1,6,6.0,6
Romania,1991,1,7,7.0,7
Romania,1993,1,3,3.0,3
Romania,1995,3,4,1.3333333333333333,2
Romania,1996,2,5,2.5,3
Romania,1999,1,1,1.0,1
Russian,1993,2,18,9.0,17
Russian,1994,25,89,3.56,16
Russian,1995,61,176,2.8852459016393444,10
Russian,1996,60,114,1.9,8
Russian,1997,44,88,2.0,16
Russian,1998,38,65,1.7105263157894737,8
Russian,1999,8,8,1.0,1
Saint,1971,1,5,5.0,5
Saint,1994,1,4,4.0,4
Saint,1998,1,1,1.0,1
San,1994,1,1,1.0,1
Saudi,1964,1,8,8.0,8
Saudi,1966,1,4,4.0,4
Saudi,1968,1,1,1.0,1
Saudi,1970,2,6,3.0,5
Saudi,1971,1,12,12.0,12
Saudi,1972,1,5,5.0,5
Saudi,1973,1,1,1.0,1
Saudi,1976,3,48,16.0,21
Saudi,1977,1,3,3.0,3
Saudi,1980,2,13,6.5,12
Saudi,1981,1,4,4.0,4
Saudi,1983,4,12,3.0,5
Saudi,1984,2,9,4.5,8
Saudi,1985,3,22,7.333333333333333,9
Saudi,1986,7,50,7.142857142857143,25
Saudi,1987,5,64,12.8,25
Saudi,1988,2,3,1.5,2
Saudi,1989,7,36,5.142857142857143,10
Saudi,1990,6,32,5.333333333333333,13
Saudi,1991,3,42,14.0,20
Saudi,1992,8,51,6.375,23
Saudi,1993,3,24,8.0,17
Saudi,1994,7,27,3.857142857142857,12
Saudi,1995,9,23,2.5555555555555554,7
Saudi,1996,6,9,1.5,3
Saudi,1997,5,8,1.6,4
Saudi,1998,2,4,2.0,3
Senegal,1963,1,2,2.0,2
Senegal,1966,1,1,1.0,1
Senegal,1979,1,15,15.0,15
Senegal,1983,1,2,2.0,2
Senegal,1984,1,2,2.0,2
Senegal,1992,1,6,6.0,6
Serbia,1963,2,2,1.0,1
Serbia,1964,3,5,1.6666666666666667,3
Serbia,1965,2,17,8.5,16
Serbia,1966,3,8,2.6666666666666665,5
Serbia,1967,3,8,2.6666666666666665,6
Serbia,1968,4,14,3.5,9
Serbia,1969,3,9,3.0,5
Serbia,1970,4,17,4.25,5
Serbia,1971,7,24,3.4285714285714284,6
Serbia,1972,5,19,3.8,9
Serbia,1973,5,19,3.8,8
Serbia,1974,6,35,5.833333333333333,13
Serbia,1975,4,32,8.0,23
Serbia,1976,9,41,4.555555555555555,8
Serbia,1977,4,23,5.75,17
Serbia,1978,8,50,6.25,11
Serbia,1979,5,33,6.6,23
Serbia,1980,11,81,7.363636363636363,27
Serbia,1981,6,12,2.0,4
Serbia,1982,9,51,5.666666666666667,22
Serbia,1983,8,28,3.5,8
Serbia,1984,12,70,5.833333333333333,35
Serbia,1985,14,89,6.357142857142857,14
Serbia,1986,3,16,5.333333333333333,8
Serbia,1987,12,186,15.5,72
Serbia,1988,15,78,5.2,25
Serbia,1989,13,76,5.846153846153846,32
Serbia,1990,17,124,7.294117647058823,34
Serbia,1991,17,144,8.470588235294118,33
Serbia,1992,13,63,4.846153846153846,10
Serbia,1993,16,93,5.8125,47
Serbia,1994,11,30,2.727272727272727,11
Serbia,1995,4,13,3.25,9
Serbia,1996,4,24,6.0,12
Serbia,1997,1,1,1.0,1
Singapore,1967,1,1,1.0,1
Singapore,1968,1,1,1.0,1
Singapore,1969,2,11,5.5,10
Singapore,1971,2,4,2.0,3
Singapore,1972,4,7,1.75,4
Singapore,1973,5,28,5.6,10
Singapore,1974,6,21,3.5,5
Singapore,1975,1,5,5.0,5
Singapore,1976,3,29,9.666666666666666,21
Singapore,1977,1,3,3.0,3
Singapore,1978,1,2,2.0,2
Singapore,1980,3,12,4.0,9
Singapore,1981,4,8,2.0,4
Singapore,1982,2,15,7.5,11
Singapore,1983,4,30,7.5,13
Singapore,1984,3,13,4.333333333333333,5
Singapore,1985,8,30,3.75,7
Singapore,1986,2,7,3.5,6
Singapore,1987,11,88,8.0,15
Singapore,1988,5,23,4.6,7
Singapore,1989,17,80,4.705882352941177,13
Singapore,1990,8,97,12.125,39
Singapore,1991,14,84,6.0,17
Singapore,1992,30,193,6.433333333333334,27
Singapore,1993,36,253,7.027777777777778,50
Singapore,1994,45,286,6.355555555555555,37
Singapore,1995,36,166,4.611111111111111,22
Singapore,1996,63,260,4.126984126984127,17
Singapore,1997,62,198,3.193548387096774,13
Singapore,1998,49,102,2.0816326530612246,10
Singapore,1999,8,11,1.375,4
Slovak,1997,2,2,1.0,1
Slovenia,1993,2,2,1.0,1
Slovenia,1994,4,18,4.5,9
Slovenia,1995,4,12,3.0,6
Slovenia,1996,8,14,1.75,4
Slovenia,1997,4,5,1.25,2
Slovenia,1998,3,3,1.0,1
South,1963,19,54,2.8421052631578947,18
South,1964,26,106,4.076923076923077,18
South,1965,53,196,3.69811320754717,15
South,1966,34,139,4.088235294117647,23
South,1967,41,189,4.609756097560975,14
South,1968,28,153,5.464285714285714,36
South,1969,50,160,3.2,8
South,1970,45,228,5.066666666666666,49
South,1971,55,287,5.218181818181818,27
South,1972,46,246,5.3478260869565215,35
South,1973,76,408,5.368421052631579,33
South,1974,71,428,6.028169014084507,40
South,1975,64,394,6.15625,37
South,1976,78,498,6.384615384615385,45
South,1977,58,351,6.051724137931035,63
South,1978,73,467,6.397260273972603,32
South,1979,58,338,5.827586206896552,24
South,1980,63,447,7.095238095238095,47
South,1981,103,729,7.077669902912621,44
South,1982,68,373,5.485294117647059,26
South,1983,56,434,7.75,43
South,1984,64,382,5.96875,34
South,1985,84,616,7.333333333333333,44
South,1986,79,476,6.025316455696203,60
South,1987,90,417,4.633333333333334,34
South,1988,83,513,6.180722891566265,34
South,1989,118,536,4.5423728813559325,25
South,1990,89,429,4.820224719101123,26
South,1991,91,472,5.186813186813187,27
South,1992,84,390,4.642857142857143,53
South,1993,69,238,3.449275362318841,20
South,1994,71,247,3.4788732394366195,28
South,1995,79,220,2.7848101265822787,11
South,1996,58,148,2.5517241379310347,14
South,1997,35,50,1.4285714285714286,4
South,1998,19,25,1.3157894736842106,4
South,1999,2,2,1.0,1
Spain,1963,17,91,5.352941176470588,20
Spain,1964,15,67,4.466666666666667,11
Spain,1965,34,115,3.3823529411764706,16
Spain,1966,30,87,2.9,10
Spain,1967,30,138,4.6,23
Spain,1968,35,160,4.571428571428571,28
Spain,1969,33,126,3.8181818181818183,14
Spain,1970,37,149,4.027027027027027,20
Spain,1971,53,190,3.5849056603773586,10
Spain,1972,43,131,3.046511627906977,15
Spain,1973,75,300,4.0,24
Spain,1974,71,326,4.591549295774648,24
Spain,1975,76,307,4.0394736842105265,15
Spain,1976,83,402,4.843373493975903,37
Spain,1977,73,370,5.068493150684931,31
Spain,1978,83,389,4.686746987951807,15
Spain,1979,42,190,4.523809523809524,16
Spain,1980,61,341,5.590163934426229,53
Spain,1981,51,268,5.254901960784314,19
Spain,1982,42,238,5.666666666666667,20
Spain,1983,39,196,5.0256410256410255,25
Spain,1984,56,254,4.535714285714286,17
Spain,1985,68,350,5.147058823529412,22
Spain,1986,77,371,4.818181818181818,22
Spain,1987,99,390,3.9393939393939394,18
Spain,1988,92,372,4.043478260869565,28
Spain,1989,99,446,4.505050505050505,30
Spain,1990,105,441,4.2,29
Spain,1991,115,525,4.565217391304348,28
Spain,1992,96,374,3.8958333333333335,23
Spain,1993,113,375,3.3185840707964602,21
Spain,1994,81,201,2.4814814814814814,12
Spain,1995,86,278,3.2325581395348837,28
Spain,1996,68,197,2.8970588235294117,19
Spain,1997,48,98,2.0416666666666665,11
Spain,1998,41,53,1.2926829268292683,3
Spain,1999,2,2,1.0,1
Sri,1963,1,5,5.0,5
Sri,1969,1,3,3.0,3
Sri,1977,2,14,7.0,13
Sri,1991,2,21,10.5,20
Sri,1992,2,6,3.0,5
Sri,1993,1,1,1.0,1
Sri,1995,1,2,2.0,2
Sudan,1968,2,3,1.5,2
Sudan,1970,1,3,3.0,3
Sudan,1971,1,2,2.0,2
Sudan,1972,1,3,3.0,3
Sudan,1974,1,4,4.0,4
Sweden,1963,260,942,3.623076923076923,27
Sweden,1964,261,1024,3.9233716475095783,21
Sweden,1965,397,1636,4.120906801007557,57
Sweden,1966,411,1603,3.900243309002433,33
Sweden,1967,419,1679,4.007159904534606,33
Sweden,1968,431,1996,4.631090487238979,69
Sweden,1969,537,2283,4.251396648044692,35
Sweden,1970,506,2281,4.507905138339921,43
Sweden,1971,696,3341,4.800287356321839,55
Sweden,1972,651,3688,5.665130568356375,87
Sweden,1973,654,4008,6.128440366972477,149
Sweden,1974,825,4775,5.787878787878788,77
Sweden,1975,807,5226,6.4758364312267656,48
Sweden,1976,912,5957,6.531798245614035,61
Sweden,1977,762,4839,6.350393700787402,68
Sweden,1978,739,4675,6.326116373477673,69
Sweden,1979,503,3221,6.403578528827038,93
Sweden,1980,743,4378,5.892328398384926,50
Sweden,1981,687,4509,6.563318777292577,62
Sweden,1982,605,3957,6.540495867768595,44
Sweden,1983,545,3630,6.660550458715596,67
Sweden,1984,610,3668,6.0131147540983605,55
Sweden,1985,752,4775,6.349734042553192,66
Sweden,1986,772,4894,6.339378238341969,67
Sweden,1987,852,4756,5.582159624413146,59
Sweden,1988,666,3887,5.836336336336337,51
Sweden,1989,704,3959,5.623579545454546,35
Sweden,1990,648,3501,5.402777777777778,48
Sweden,1991,579,3154,5.447322970639033,99
Sweden,1992,511,3060,5.988258317025441,83
Sweden,1993,499,2290,4.589178356713427,56
Sweden,1994,530,2484,4.686792452830189,67
Sweden,1995,557,1952,3.504488330341113,32
Sweden,1996,501,1736,3.465069860279441,43
Sweden,1997,391,840,2.1483375959079285,19
Sweden,1998,302,486,1.609271523178808,14
Sweden,1999,30,34,1.1333333333333333,2
Switzerland,1963,423,1375,3.2505910165484635,35
Switzerland,1964,424,1521,3.5872641509433962,25
Switzerland,1965,574,1992,3.470383275261324,33
Switzerland,1966,665,2509,3.7729323308270675,42
Switzerland,1967,666,2448,3.675675675675676,47
Switzerland,1968,617,2587,4.192868719611021,39
Switzerland,1969,796,3516,4.417085427135678,34
Switzerland,1970,824,3553,4.311893203883495,50
Switzerland,1971,1020,4670,4.578431372549019,49
Switzerland,1972,1079,5162,4.784059314179796,53
Switzerland,1973,1107,5743,5.187895212285456,40
Switzerland,1974,1218,6899,5.664203612479475,82
Switzerland,1975,1249,6904,5.527622097678143,50
Switzerland,1976,1255,7269,5.79203187250996,58
Switzerland,1977,1159,6986,6.027610008628128,69
Switzerland,1978,1169,7166,6.1300256629597945,75
Switzerland,1979,883,5361,6.071347678369196,50
Switzerland,1980,1097,6823,6.219690063810392,144
Switzerland,1981,1053,6329,6.010446343779677,62
Switzerland,1982,996,6181,6.205823293172691,134
Switzerland,1983,855,5242,6.130994152046783,90
Switzerland,1984,1011,5904,5.839762611275964,104
Switzerland,1985,1071,6883,6.426704014939309,188
Switzerland,1986,1046,6207,5.9340344168260035,105
Switzerland,1987,1192,7617,6.39010067114094,289
Switzerland,1988,1063,6581,6.190968955785513,141
Switzerland,1989,1114,6315,5.668761220825853,74
Switzerland,1990,1039,5383,5.180943214629451,117
Switzerland,1991,1074,5639,5.250465549348231,129
Switzerland,1992,923,4441,4.81148429035753,47
Switzerland,1993,837,3546,4.236559139784946,66
Switzerland,1994,820,3096,3.7756097560975608,49
Switzerland,1995,677,2206,3.258493353028065,46
Switzerland,1996,604,1548,2.562913907284768,24
Switzerland,1997,410,821,2.002439024390244,17
Switzerland,1998,247,334,1.3522267206477734,6
Switzerland,1999,25,30,1.2,2
Syria,1972,1,7,7.0,7
Syria,1975,1,2,2.0,2
Syria,1985,1,4,4.0,4
Syria,1986,1,5,5.0,5
Syria,1987,1,9,9.0,9
Syria,1992,2,8,4.0,5
Taiwan,1973,1,1,1.0,1
Taiwan,1975,22,102,4.636363636363637,12
Taiwan,1976,23,94,4.086956521739131,17
Taiwan,1977,42,216,5.142857142857143,20
Taiwan,1978,28,143,5.107142857142857,13
Taiwan,1979,31,202,6.516129032258065,17
Taiwan,1980,57,277,4.859649122807017,20
Taiwan,1981,70,320,4.571428571428571,31
Taiwan,1982,75,360,4.8,30
Taiwan,1983,57,319,5.5964912280701755,18
Taiwan,1984,90,500,5.555555555555555,31
Taiwan,1985,146,819,5.609589041095891,39
Taiwan,1986,180,991,5.5055555555555555,31
Taiwan,1987,301,1693,5.6245847176079735,40
Taiwan,1988,408,2334,5.720588235294118,46
Taiwan,1989,528,2765,5.236742424242424,37
Taiwan,1990,648,3328,5.135802469135802,41
Taiwan,1991,757,3799,5.018494055482167,60
Taiwan,1992,825,4010,4.86060606060606,51
Taiwan,1993,978,4686,4.791411042944786,45
Taiwan,1994,1097,4997,4.555150410209663,31
Taiwan,1995,1217,4948,4.065735414954807,26
Taiwan,1996,1313,4442,3.383092155369383,36
Taiwan,1997,1174,2876,2.4497444633730834,14
Taiwan,1998,1122,1932,1.7219251336898396,11
Taiwan,1999,208,256,1.2307692307692308,6
Tanzania,1968,1,7,7.0,7
Tanzania,1969,3,9,3.0,7
Tanzania,1971,2,3,1.5,2
Tanzania,1972,1,5,5.0,5
Tanzania,1983,1,5,5.0,5
Tanzania,1992,1,3,3.0,3
Thailand,1971,1,8,8.0,8
Thailand,1974,2,12,6.0,10
Thailand,1975,1,9,9.0,9
Thailand,1977,1,8,8.0,8
Thailand,1979,1,7,7.0,7
Thailand,1980,2,4,2.0,2
Thailand,1981,1,23,23.0,23
Thailand,1983,2,14,7.0,8
Thailand,1984,1,3,3.0,3
Thailand,1985,1,23,23.0,23
Thailand,1986,1,4,4.0,4
Thailand,1987,1,8,8.0,8
Thailand,1988,2,16,8.0,12
Thailand,1989,3,26,8.666666666666666,18
Thailand,1990,2,4,2.0,2
Thailand,1991,2,7,3.5,5
Thailand,1992,1,2,2.0,2
Thailand,1993,4,17,4.25,8
Thailand,1994,4,15,3.75,5
Thailand,1995,8,35,4.375,14
Thailand,1996,8,14,1.75,4
Thailand,1997,3,8,2.6666666666666665,6
Thailand,1998,2,4,2.0,2
Trinidad,1963,2,8,4.0,7
Trinidad,1965,1,1,1.0,1
Trinidad,1966,2,12,6.0,7
Trinidad,1968,1,3,3.0,3
Trinidad,1969,1,2,2.0,2
Trinidad,1970,2,7,3.5,6
Trinidad,1971,3,11,3.6666666666666665,6
Trinidad,1972,2,12,6.0,8
Trinidad,1973,3,14,4.666666666666667,6
Trinidad,1974,1,9,9.0,9
Trinidad,1976,3,14,4.666666666666667,10
Trinidad,1977,4,14,3.5,4
Trinidad,1978,4,12,3.0,6
Trinidad,1979,3,8,2.6666666666666665,4
Trinidad,1981,1,5,5.0,5
Trinidad,1987,2,8,4.0,7
Trinidad,1988,3,6,2.0,3
Trinidad,1992,2,4,2.0,3
Trinidad,1994,1,5,5.0,5
Trinidad,1998,1,1,1.0,1
Tunisia,1963,1,4,4.0,4
Tunisia,1965,1,3,3.0,3
Tunisia,1967,1,1,1.0,1
Tunisia,1972,1,2,2.0,2
Tunisia,1973,1,15,15.0,15
Tunisia,1977,1,9,9.0,9
Tunisia,1979,1,3,3.0,3
Tunisia,1980,2,14,7.0,11
Tunisia,1981,1,2,2.0,2
Tunisia,1982,1,6,6.0,6
Tunisia,1985,1,3,3.0,3
Tunisia,1991,1,4,4.0,4
Tunisia,1993,1,4,4.0,4
Turkey,1964,1,3,3.0,3
Turkey,1966,2,5,2.5,3
Turkey,1967,2,5,2.5,3
Turkey,1968,3,13,4.333333333333333,9
Turkey,1969,1,5,5.0,5
Turkey,1971,3,8,2.6666666666666665,4
Turkey,1972,2,6,3.0,4
Turkey,1973,4,12,3.0,6
Turkey,1974,1,3,3.0,3
Turkey,1975,1,1,1.0,1
Turkey,1977,1,3,3.0,3
Turkey,1978,1,6,6.0,6
Turkey,1979,3,14,4.666666666666667,10
Turkey,1980,1,1,1.0,1
Turkey,1981,2,32,16.0,26
Turkey,1984,2,9,4.5,8
Turkey,1985,1,25,25.0,25
Turkey,1986,9,43,4.777777777777778,21
Turkey,1987,1,3,3.0,3
Turkey,1988,1,1,1.0,1
Turkey,1989,3,14,4.666666666666667,7
Turkey,1990,2,5,2.5,3
Turkey,1991,1,2,2.0,2
Turkey,1992,1,2,2.0,2
Turkey,1994,2,4,2.0,2
Turkey,1996,2,3,1.5,2
Turkey,1997,2,5,2.5,3
Turkey,1998,1,3,3.0,3
Turks,1996,1,1,1.0,1
USSR,1963,14,246,17.571428571428573,111
USSR,1964,10,33,3.3,6
USSR,1965,21,102,4.857142857142857,45
USSR,1966,48,189,3.9375,52
USSR,1967,77,264,3.4285714285714284,15
USSR,1968,61,279,4.573770491803279,38
USSR,1969,111,384,3.4594594594594597,42
USSR,1970,162,585,3.611111111111111,23
USSR,1971,232,1021,4.400862068965517,71
USSR,1972,272,1319,4.849264705882353,57
USSR,1973,303,1362,4.4950495049504955,51
USSR,1974,380,1669,4.3921052631578945,51
USSR,1975,338,1415,4.186390532544379,28
USSR,1976,343,1657,4.830903790087463,38
USSR,1977,316,1402,4.436708860759493,58
USSR,1978,333,1518,4.558558558558558,64
USSR,1979,283,1229,4.342756183745583,24
USSR,1980,369,1700,4.607046070460704,56
USSR,1981,298,1144,3.838926174496644,39
USSR,1982,159,615,3.8679245283018866,20
USSR,1983,177,721,4.073446327683616,28
USSR,1984,159,729,4.584905660377358,35
USSR,1985,120,596,4.966666666666667,33
USSR,1986,96,462,4.8125,35
USSR,1987,97,430,4.43298969072165,35
USSR,1988,72,351,4.875,106
USSR,1989,109,332,3.0458715596330275,19
USSR,1990,128,491,3.8359375,27
USSR,1991,121,382,3.15702479338843,22
USSR,1992,54,162,3.0,17
USSR,1993,44,267,6.068181818181818,43
USSR,1994,38,100,2.6315789473684212,8
USSR,1995,9,17,1.8888888888888888,4
USSR,1996,10,54,5.4,16
USSR,1997,3,6,2.0,3
USSR,1998,1,1,1.0,1
Uganda,1968,1,5,5.0,5
Uganda,1975,1,3,3.0,3
Uganda,1994,1,3,3.0,3
Ukraine,1994,8,18,2.25,3
Ukraine,1995,5,10,2.0,4
Ukraine,1996,12,38,3.1666666666666665,16
Ukraine,1997,3,4,1.3333333333333333,2
Ukraine,1998,3,3,1.0,1
United,1963,27023,112690,4.17015135255153,113
United,1964,28325,120876,4.267466902030009,167
United,1965,38081,167624,4.401775163467346,231
United,1966,42065,194121,4.614786639724236,278
United,1967,40505,194925,4.812368843352672,207
United,1968,36880,183664,4.980043383947939,179
United,1969,41125,214713,5.220984802431611,153
United,1970,39305,217921,5.544358224144511,216
United,1971,48379,288778,5.969077492300379,180
United,1972,45473,300266,6.6031711125283135,382
United,1973,46147,320119,6.936940646195852,251
United,1974,45982,333619,7.255426036275064,339
United,1975,42704,328234,7.686258898463844,231
United,1976,40556,321507,7.927482986487819,411
United,1977,38161,307887,8.068106181703834,235
United,1978,37754,305771,8.099035863749537,261
United,1979,27558,224208,8.135858915741345,226
United,1980,34183,276126,8.077874967088905,280
United,1981,35748,289665,8.102970795568982,202
United,1982,31049,255965,8.243904795645593,292
United,1983,30049,252116,8.390162734200805,401
United,1984,35056,294828,8.410200821542675,273
United,1985,36203,303824,8.392232687898792,305
United,1986,34914,302358,8.660079051383399,240
United,1987,40012,357880,8.944316704988504,631
United,1988,37140,323691,8.715428109854605,360
United,1989,45674,380035,8.320598152121557,237
United,1990,42560,341416,8.021992481203007,287
United,1991,45632,341751,7.4892838359046285,239
United,1992,45835,328407,7.164983091523944,311
United,1993,45450,300181,6.6046424642464245,218
United,1994,46418,271179,5.842108664742126,136
United,1995,43774,209739,4.791405857358249,112
United,1996,42892,160248,3.7360813205259724,173
United,1997,33693,87475,2.596236607010358,44
United,1998,24599,42094,1.7112077726736858,48
United,1999,2917,3396,1.1642098045937608,6
Uruguay,1963,2,4,2.0,2
Uruguay,1964,2,6,3.0,5
Uruguay,1965,3,26,8.666666666666666,21
Uruguay,1967,1,14,14.0,14
Uruguay,1968,1,3,3.0,3
Uruguay,1971,1,2,2.0,2
Uruguay,1973,2,22,11.0,18
Uruguay,1974,1,10,10.0,10
Uruguay,1975,1,2,2.0,2
Uruguay,1976,1,3,3.0,3
Uruguay,1987,1,1,1.0,1
Uruguay,1988,1,9,9.0,9
Uruguay,1989,1,2,2.0,2
Uruguay,1990,2,2,1.0,1
Uruguay,1992,2,28,14.0,21
Uruguay,1995,2,2,1.0,1
Uruguay,1996,1,1,1.0,1
Uruguay,1997,1,1,1.0,1
Uzbekistan,1994,1,2,2.0,2
Uzbekistan,1995,1,3,3.0,3
Uzbekistan,1996,1,2,2.0,2
Vanuatu,1981,1,3,3.0,3
Venezuela,1963,6,25,4.166666666666667,8
Venezuela,1964,5,14,2.8,6
Venezuela,1965,10,32,3.2,7
Venezuela,1966,7,18,2.5714285714285716,5
Venezuela,1967,5,16,3.2,8
Venezuela,1968,12,43,3.5833333333333335,11
Venezuela,1969,6,47,7.833333333333333,24
Venezuela,1970,3,14,4.666666666666667,6
Venezuela,1971,12,75,6.25,23
Venezuela,1972,6,26,4.333333333333333,10
Venezuela,1973,6,48,8.0,23
Venezuela,1974,7,67,9.571428571428571,21
Venezuela,1978,2,5,2.5,3
Venezuela,1979,10,55,5.5,16
Venezuela,1980,10,41,4.1,12
Venezuela,1981,10,52,5.2,12
Venezuela,1982,9,31,3.4444444444444446,5
Venezuela,1983,5,26,5.2,8
Venezuela,1984,10,33,3.3,9
Venezuela,1985,14,140,10.0,33
Venezuela,1986,20,103,5.15,11
Venezuela,1987,21,97,4.619047619047619,13
Venezuela,1988,17,62,3.6470588235294117,10
Venezuela,1989,18,71,3.9444444444444446,10
Venezuela,1990,19,61,3.210526315789474,7
Venezuela,1991,22,88,4.0,33
Venezuela,1992,17,62,3.6470588235294117,13
Venezuela,1993,24,59,2.4583333333333335,8
Venezuela,1994,12,38,3.1666666666666665,11
Venezuela,1995,17,47,2.764705882352941,6
Venezuela,1996,21,54,2.5714285714285716,8
Venezuela,1997,15,27,1.8,6
Venezuela,1998,6,8,1.3333333333333333,2
Venezuela,1999,1,1,1.0,1
Viet,1971,1,4,4.0,4
Viet,1972,1,1,1.0,1
Viet,1973,1,1,1.0,1
Viet,1974,2,3,1.5,2
Viet,1976,1,23,23.0,23
Yemen,1980,1,6,6.0,6
Zambia,1965,2,6,3.0,4
Zambia,1967,1,1,1.0,1
Zambia,1970,1,1,1.0,1
Zambia,1971,1,3,3.0,3
Zambia,1972,1,3,3.0,3
Zambia,1973,1,3,3.0,3
Zimbabwe,1963,2,4,2.0,3
Zimbabwe,1964,1,2,2.0,2
Zimbabwe,1966,1,1,1.0,1
Zimbabwe,1967,2,4,2.0,3
Zimbabwe,1969,2,5,2.5,3
Zimbabwe,1971,3,10,3.3333333333333335,6
Zimbabwe,1974,2,9,4.5,6
Zimbabwe,1976,2,5,2.5,3
Zimbabwe,1977,1,1,1.0,1
Zimbabwe,1978,1,3,3.0,3
Zimbabwe,1980,1,5,5.0,5
Zimbabwe,1983,2,6,3.0,4
Zimbabwe,1986,1,12,12.0,12
Zimbabwe,1988,3,15,5.0,13
Zimbabwe,1989,2,18,9.0,16
Zimbabwe,1991,1,4,4.0,4
Zimbabwe,1993,1,1,1.0,1
Zimbabwe,1994,1,2,2.0,2
Zimbabwe,1996,1,3,3.0,3
